id,iban,bic,opening_date,closing_date,owner_id
1,FR64711001300623GY915612S09,COUVVA7K,2004-04-19T18:18:45+02:00,,1
2,FR390719706416085K15S627962,QAMSSR2D,2017-06-19T02:16:55+02:00,2023-12-19T17:32:54+01:00,2
3,FR8700857030082832066R58671,HZBBRO6J,2010-01-13T23:14:08+01:00,,3
4,FR31097092343998047461T8138,GNYYPEZV,2018-05-08T07:54:05+02:00,,4
5,FR62100144408825866F495U745,RKFXKEL7,2015-06-13T07:12:39+02:00,,5
6,FR6780240380015K2788ZRF7822,HNIQKGZ2,2021-04-09T15:38:20+02:00,,6
7,FR722665879772718SC0545T686,EYFTGY0S,2004-12-30T17:53:12+01:00,2023-12-17T23:52:05+01:00,7
8,FR849080037007L3947L9J31119,LXIRBT1S,2008-11-01T21:19:14+01:00,,8
9,FR840605098747R52G382940916,ESYFVEQJ,2021-02-01T22:59:55+01:00,2023-12-27T14:08:38+01:00,9
10,FR5317554732473084714541399,KNHJMZUX,2019-02-27T13:31:01+01:00,,10
11,FR98202100815102C886158Z168,JTHUPG0Z,2008-05-02T09:13:19+02:00,,11
12,FR420027031511X4184X6705716,OKTMAFG1,2011-05-20T04:43:20+02:00,,12
13,FR76020931051746JX804985751,DTFWPWO3,2017-10-27T15:23:06+02:00,,13
14,FR800170080046688533423F794,YXLVGYOS,2019-08-29T13:08:20+02:00,,14
15,FR9530220400505972894922511,BBHYMAWM,2005-04-01T05:29:42+02:00,,15
16,FR2320030007302LS334936B351,FNNAAFUS,2015-03-06T05:58:58+01:00,,16
17,FR3220002775859AB36L699O902,DCROCRT4,2012-11-29T10:54:43+01:00,2023-12-31T20:12:20+01:00,17
18,FR5940840261895313354868997,EPIICHZ3,2007-06-08T03:17:34+02:00,,18
19,FR673600205076951Y756492875,XXYJMEKV,2007-02-13T19:42:15+01:00,,19
20,FR2180600884722318701129861,YVBRGNY8,2013-11-17T21:29:39+01:00,,20
21,FR059705540001P4U4037553N73,SCFGJOTC,2021-01-02T04:28:58+01:00,,21
22,FR4793704008699911115190X85,VBOBGFJB,2016-06-29T01:04:41+02:00,,22
23,FR0511014070898091336393603,GPUNCNPF,2023-11-08T13:52:26+01:00,,23
24,FR72183230447447T186471H422,GGENMSUC,2006-04-18T17:53:37+02:00,2023-12-17T15:49:58+01:00,24
25,FR07030050202640I4584938717,CGLBKGZW,2021-03-18T14:02:01+01:00,,25
26,FR3590026409130719XX64B5O24,NOSJPLSQ,2020-01-18T21:44:02+01:00,,26
27,FR4397005673777K0566J52B729,XLVTMRBF,2009-02-11T12:54:28+01:00,,27
28,FR2322005019739L5107935W804,MWRSWFK3,2011-12-05T13:58:04+01:00,,28
29,FR583603007005R084N4318T078,ATAZBZ0I,2021-07-29T04:14:54+02:00,,29
30,FR3070822419481889633W62614,KBXWVUUG,2021-02-13T01:29:02+01:00,,30
31,FR2600500990409D1N7858D1811,ULTTNA35,2005-05-13T10:08:34+02:00,,31
32,FR1900502200418I47067621583,YPWYIQSE,2011-07-18T11:29:17+02:00,,32
33,FR719550058671216V8I7292788,OFISERO5,2014-12-26T18:42:53+01:00,,33
34,FR59159103044224100F2S72340,XQRYCVXE,2010-11-24T14:13:06+01:00,,34
35,FR7335001363869470934300814,KOLWPLSB,2009-03-29T03:21:14+02:00,,35
36,FR5230056063652WP1609326509,JDTKJOC3,2015-01-23T03:11:51+01:00,,36
37,FR324004009001W461L55180670,MDTICAZG,2023-11-23T21:23:23+01:00,,37
38,FR8455803020074114664443641,OOIDSYNE,2005-04-05T20:26:24+02:00,,38
39,FR950239712283773916267F963,VZLHMLJG,2007-09-16T15:15:36+02:00,,39
40,FR680419716092W39719583BU36,DNXHPSI8,2019-08-16T20:18:04+02:00,,40
41,FR8907050001320089689Q21629,LRDTPE63,2017-08-21T19:59:30+02:00,,41
42,FR8581601631009Q41B75HW6846,XNTONEXZ,2015-11-07T06:34:17+01:00,,42
43,FR68298957082298F2083518242,ZHAKKYO2,2004-06-09T04:15:27+02:00,,43
44,FR350057634444L8248C8096129,UXJWSADG,2006-08-25T02:57:59+02:00,,44
45,FR83806205826461362N692O023,BSOCUS8H,2004-06-06T10:58:31+02:00,,45
46,FR4470198200023A40457347557,WHEFGQ3M,2008-09-14T21:23:27+02:00,,46
47,FR64070031001273456T7300049,UMMJPG6U,2016-09-10T04:19:51+02:00,,47
48,FR6206100200658982740T40272,WFNKGNUU,2007-05-12T05:17:41+02:00,,48
49,FR84100900909651768W66Z6890,UMVRSGSV,2007-03-28T04:14:27+02:00,,49
50,FR64594059845031I8310832901,UDQKGNLG,2007-10-10T22:48:58+02:00,,50
51,FR14518131006649454517SE497,BELDIDGE,2006-11-19T04:00:17+01:00,,51
52,FR6404220900144QB49322HRW78,FCHTBFPS,2007-03-09T19:41:00+01:00,2023-12-19T20:52:46+01:00,52
53,FR41020423006896T260C731076,QFHSLCGG,2011-06-27T16:11:56+02:00,,53
54,FR689078086417T520D34894114,MGQRCDB9,2007-05-28T13:47:18+02:00,,54
55,FR5890302808655HW1521S43822,APVGPFEM,2012-12-10T19:17:47+01:00,,55
56,FR0460088009319LW5734143717,IBHBESY4,2009-12-21T18:12:53+01:00,,56
57,FR31067850076707C58Q3105347,OISWRO2A,2011-05-04T05:11:32+02:00,2023-12-28T17:43:48+01:00,57
58,FR7550080010982442VV511P241,ESXLGBV8,2015-09-11T08:18:43+02:00,,58
59,FR73596006887378379256Y0Y84,YRRZZWG6,2018-09-18T06:44:11+02:00,,59
60,FR25290022007567J1B6573L590,MBLNGBG4,2022-03-31T22:40:49+02:00,,60
61,FR920077003779FTAQG27955699,YFQZPMF6,2021-04-02T07:12:00+02:00,,61
62,FR3895100200712V8820733E388,AMEBMZL0,2022-11-21T11:25:03+01:00,,62
63,FR570703570038579F45IK53390,YKEQCK6L,2013-11-05T14:16:56+01:00,,63
64,FR0804160310549QO1567125206,EFLHKMHB,2019-09-18T08:02:29+02:00,2023-12-23T20:33:08+01:00,64
65,FR316825040323V5Y8SU6NI2194,JWPXJMKO,2014-09-26T19:34:29+02:00,,65
66,FR1905005762639D537J7983338,SISAAUT5,2019-01-14T11:25:36+01:00,,66
67,FR680035091019093945772P114,FLODNG0C,2004-02-07T07:01:37+01:00,2023-12-20T19:27:25+01:00,67
68,FR6819302007924PZ179274F283,PXHEVNCX,2004-02-14T23:26:13+01:00,,68
69,FR591005430932963D491648373,DDTYVG8D,2010-03-03T13:22:02+01:00,,69
70,FR333007020662C404O3SAQ1706,ANGYCRIL,2016-07-29T01:00:33+02:00,,70
71,FR8147543763422492430080462,HISFLTSM,2019-09-20T23:30:44+02:00,,71
72,FR1415600670039800198100555,AZNGVA13,2020-03-29T23:08:16+02:00,,72
73,FR40650910452560113A3QP9810,FBSIRU0E,2004-08-22T04:23:27+02:00,,73
74,FR910800206701X606355252D22,YACSINHQ,2005-12-24T18:09:14+01:00,,74
75,FR3040810031354B12582152866,JWZVCFQJ,2005-04-07T10:57:22+02:00,,75
76,FR361200660118005Y295170527,GKKXTCHI,2015-08-16T15:55:35+02:00,2024-01-03T05:13:48+01:00,76
77,FR59891042461967V173C362834,KTBOGSCH,2011-03-03T04:04:43+01:00,,77
78,FR4800470033256W7972V96CL68,UBJKILE2,2021-04-22T15:25:04+02:00,,78
79,FR55050002631835199P4644388,LTNGBW1H,2020-10-21T05:48:18+02:00,,79
80,FR6140001003839532E6249WB32,YZHAVIH0,2013-05-14T07:52:40+02:00,,80
81,FR2203041600559O39925422603,DYYEGTZD,2006-01-13T23:44:30+01:00,,81
82,FR304007702006905A774734103,RTHTYTKA,2006-05-29T14:44:03+02:00,,82
83,FR050130012026261Z076538986,NVAHAE7T,2011-08-20T02:51:51+02:00,,83
84,FR04346780779906L8142954910,VJXCKYXN,2019-02-17T04:22:29+01:00,,84
85,FR520040040024M23O029246430,UMBYAE35,2007-07-22T23:21:00+02:00,,85
86,FR08780045001491YF4259V5R12,XBRBAQW0,2022-01-08T07:51:20+01:00,,86
87,FR403705130046D963D74778051,JXHACK0L,2017-01-07T02:06:08+01:00,,87
88,FR9776009009954550U0W463941,QYLHCUDU,2017-11-29T17:57:52+01:00,,88
89,FR370073809097250876A3D4150,FMPBUYXD,2021-09-17T08:46:05+02:00,,89
90,FR110572656880N86215001O320,LGGZTHJG,2012-03-06T06:41:22+01:00,,90
91,FR91020380508214HX9861OC400,BTXLYEXT,2015-08-04T17:15:29+02:00,,91
92,FR5704619569919318O3E461344,EWXNNLIL,2020-09-07T00:18:17+02:00,,92
93,FR5009024005005786069473114,SIVGBZH3,2007-12-12T11:59:28+01:00,,93
94,FR878002005034033X27729IC73,XKBZTTBC,2019-07-05T05:58:06+02:00,,94
95,FR470096802001F801241441F42,SQWSCM5C,2020-12-20T08:39:39+01:00,2024-01-03T16:25:30+01:00,95
96,FR6888703600185V25L28112282,JQWANA3O,2013-07-06T17:12:25+02:00,,96
97,FR1093014680862880C158Y5Z59,HAQTTZU3,2015-08-30T17:16:07+02:00,,97
98,FR46069870832960093H1Z47300,QYOZEGGQ,2014-08-02T13:33:18+02:00,,98
99,FR5820113706167432752ZSLG93,AGIBNLMU,2021-03-24T05:44:43+01:00,,99
100,FR0687502003494Y3017696II13,BCFPSHLC,2015-05-12T23:25:48+02:00,,100
101,FR3605501900140T2S9965A1365,WMKVNA0D,2011-01-11T05:19:39+01:00,,101
102,FR493610100194601188CN36257,INYVAZ4R,2021-03-12T14:02:18+01:00,,102
103,FR100862007887827Q657648J21,GZZUMR1O,2009-10-17T16:14:40+02:00,,103
104,FR61467902034388113S78O7V39,LMSPJMV1,2021-11-12T19:05:19+01:00,,104
105,FR8000058800321137089J8M380,UFIYLVZ4,2011-05-24T17:40:43+02:00,,105
106,FR020070050114012497MJL4417,MHKTLTNK,2010-01-08T15:49:40+01:00,,106
107,FR14033085015626023852TY109,DOMJSC8D,2018-03-23T06:52:50+01:00,,107
108,FR3628055370730O021F7Y2S973,KEGOPERO,2012-10-02T17:00:36+02:00,,108
109,FR6974005207942G71213D78760,MMPUAX2J,2007-07-28T02:09:31+02:00,,109
110,FR16040909500590R7292DT3519,KMOXTM29,2013-01-15T22:09:11+01:00,,110
111,FR8105006634435445895413655,KLLMTKH8,2012-07-26T13:18:34+02:00,,111
112,FR070096009543Z534051C27248,QIIJMGBS,2018-08-16T22:59:30+02:00,,112
113,FR37140078004882687Z53Q4375,CFELBETB,2009-08-05T21:42:54+02:00,,113
114,FR34800209139190053552Q9443,ASUFPTAH,2014-08-24T10:42:54+02:00,,114
115,FR67653054385967596P2733968,KVFLHR15,2018-08-06T13:13:12+02:00,,115
116,FR800987100315429O9RGLN5836,LIRHBT2C,2016-06-02T22:51:30+02:00,,116
117,FR361901145064K88HRW2596733,RHWULB4Q,2004-01-26T16:36:22+01:00,,117
118,FR1459950005873E752GB892240,VAZWCA8Y,2021-08-22T13:37:22+02:00,,118
119,FR939390046753D98Z13U567147,BSWOAMXC,2016-05-27T10:18:31+02:00,2023-12-25T01:39:02+01:00,119
120,FR9160046700895N2055X172625,FPZMGB5M,2007-02-21T23:16:39+01:00,,120
121,FR6805400801355039048V65780,TODFMGAR,2008-04-20T15:32:31+02:00,,121
122,FR410700970007732F042F51845,GYMKPFCR,2022-11-26T18:22:23+01:00,,122
123,FR345940084652432361553A429,WNNUFMIB,2023-04-14T05:45:48+02:00,,123
124,FR92053888082984Y642E630734,GMFLMRW0,2022-06-18T15:15:53+02:00,,124
125,FR0228795600501827181703805,GJVZCWF7,2012-08-02T18:13:01+02:00,,125
126,FR33050069536441775423J1964,UBPFPFP3,2023-11-29T06:15:30+01:00,,126
127,FR4500579200569142500DU0535,DFTOGL7Q,2004-06-07T17:27:56+02:00,,127
128,FR454413610480E324QN038F503,ZRNNNUUK,2022-12-14T03:42:23+01:00,,128
129,FR6060070065254778I21330239,UDSRBN97,2019-06-12T00:45:27+02:00,,129
130,FR302253196021G504D10159534,NTGWAQZT,2008-12-05T11:53:41+01:00,,130
131,FR7370009060366O647556S6729,PFYJUMXQ,2006-03-28T14:46:58+02:00,,131
132,FR040621020085A4361O2978785,DQLIFJUQ,2005-12-23T21:20:56+01:00,,132
133,FR3700023500547636F81657X67,TCXJAWWQ,2010-10-10T11:47:11+02:00,,133
134,FR02762886555127R3J6653N823,DBZYCDD3,2010-08-10T06:37:09+02:00,,134
135,FR34040756079308D0M04111328,NYPMGPKF,2016-05-12T11:56:22+02:00,,135
136,FR690040305005P071J3139EZ77,QHNOER5X,2011-10-28T18:03:53+02:00,,136
137,FR49200814126288O5549L96936,ZUDBGI0Y,2018-07-12T03:54:03+02:00,,137
138,FR240010036827XG54614003971,TPCFKN0G,2018-05-17T11:52:30+02:00,,138
139,FR625209507001K199070149B55,SVKVGE27,2013-01-17T18:31:41+01:00,2023-12-23T20:00:41+01:00,139
140,FR2475001170749KL411V760157,IYDWCLAK,2010-01-17T12:01:52+01:00,,140
141,FR038040020059Q327130485829,ESKULSHR,2019-05-01T03:28:16+02:00,,141
142,FR573001864785S5361Q0079632,ACBADM26,2019-09-16T14:35:47+02:00,,142
143,FR27086040162186Q9372S29515,HQMJLI3F,2018-09-16T05:10:31+02:00,2024-01-05T07:43:51+01:00,143
144,FR020090506232S49P570O77747,RUJCDKNJ,2006-02-17T03:31:30+01:00,,144
145,FR540047497576BW04936623211,ZCKIGGTA,2021-04-27T13:17:20+02:00,,145
146,FR05006000600475G937Z998291,AVQEKNIK,2015-03-03T02:21:56+01:00,,146
147,FR5001905004049X9016G87F444,FRUNBLJ2,2016-10-11T13:19:35+02:00,2023-12-23T19:10:08+01:00,147
148,FR3806171150668036892324773,BCXHLU0H,2016-03-21T00:08:49+01:00,,148
149,FR0353670145921343425072886,JIFCBWVP,2005-07-29T05:35:04+02:00,,149
150,FR461972727685914LF0W7B8320,RWJHGLA2,2009-11-23T18:11:10+01:00,,150
151,FR03403700200990099393G6375,MKEFTNJZ,2021-06-09T02:49:33+02:00,2023-12-27T04:07:16+01:00,151
152,FR86028260945555334033D0768,ZNLGMN6R,2013-01-12T03:37:55+01:00,,152
153,FR4323190059089Y8M957361333,HKIXEEHR,2007-10-26T19:01:37+02:00,,153
154,FR9688509625369K70G4W341N37,VOAGJOYY,2015-04-01T00:21:17+02:00,2024-01-01T14:43:23+01:00,154
155,FR9200858973921904S15842F16,WZGJMTS2,2020-01-12T10:56:50+01:00,,155
156,FR3710278407650198375260664,RXLWLSSL,2007-04-19T19:13:04+02:00,,156
157,FR610099819048259B985N77586,CZWSKY8P,2007-12-15T06:56:09+01:00,,157
158,FR353781008535119218A4X9929,ZTVEYE78,2013-02-04T12:13:07+01:00,2023-12-23T19:12:39+01:00,158
159,FR8619350085850LR8106266776,JLXCAQSQ,2020-02-23T05:27:41+01:00,,159
160,FR10031210437352354D93L0406,HFCIUYR4,2014-04-19T08:07:57+02:00,,160
161,FR857004230162497053Q7JQ371,AJUYZWL1,2017-09-16T16:42:48+02:00,,161
162,FR450670468008Y232358G85319,MRSCPAGY,2007-06-10T06:07:29+02:00,,162
163,FR55550009381381MP568817K72,OCLZGQCV,2023-04-03T04:33:44+02:00,,163
164,FR70131311968220H9463809B50,GPPQSLTX,2005-01-28T00:43:31+01:00,,164
165,FR7829124003059W52175454328,MUDCBH0K,2020-03-14T03:15:08+01:00,,165
166,FR7409500166346704F25F36060,GTECCVAS,2004-04-24T14:41:16+02:00,,166
167,FR8395942449035L9D46989H486,JFOUUGVY,2023-06-26T18:57:30+02:00,,167
168,FR287450868149UIHD52U825C91,WEJJGQUK,2023-04-19T03:29:13+02:00,2023-12-18T10:21:44+01:00,168
169,FR830064527322499766508X701,REJGMAWN,2012-12-18T02:34:23+01:00,2023-12-15T01:45:06+01:00,169
170,FR3614087995384018859832967,JNIRPRW0,2006-08-01T02:01:21+02:00,,170
171,FR846041043446063405660S988,FXYACVR7,2008-07-23T03:53:18+02:00,,171
172,FR750625007072NI66324740493,RKQEKEOW,2013-10-28T13:20:07+01:00,,172
173,FR490402961647591521U8Y1514,INXHPH46,2016-03-24T05:43:52+01:00,,173
174,FR8800511569867469539998481,DFOYISYV,2016-06-02T06:20:51+02:00,,174
175,FR510037531008240E99OE36724,ATXKMMHO,2010-08-07T20:42:42+02:00,,175
176,FR2601061889603F29553111Z01,UJGGBDRI,2023-09-12T16:14:40+02:00,,176
177,FR880120060090908928852U898,FHHLEHQO,2017-04-01T22:41:58+02:00,,177
178,FR3871908117443753072652616,NNKJBJJ5,2022-02-16T02:47:54+01:00,,178
179,FR0908188709985U7K60P89O015,WFWTGAGJ,2009-05-25T10:00:56+02:00,,179
180,FR1860700180039848812219519,FDSCDM0U,2018-11-27T22:19:45+01:00,,180
181,FR955008094754825531586T402,VQHCYEN2,2007-02-07T08:43:13+01:00,,181
182,FR826070005099Y019136H17532,BDCJGLLN,2022-08-07T09:54:30+02:00,,182
183,FR818004027018780XZ3H4L0051,KJTWTJQU,2006-05-27T19:08:31+02:00,,183
184,FR64600690080002C51072H5345,VUKWHT1U,2015-03-22T23:30:58+01:00,,184
185,FR83299058057782025Q13Y0776,TRYJJEJN,2008-10-09T05:54:53+02:00,,185
186,FR534040330011667I8901N4134,IDBVCUDN,2017-04-13T01:24:32+02:00,,186
187,FR3479622203980401373D72095,TIDZDZV1,2004-02-21T02:58:18+01:00,,187
188,FR47900800857667886YR666858,VFEIEE9F,2018-09-29T20:47:13+02:00,,188
189,FR430670006663171NY45474145,EUTJCWMY,2010-01-05T04:32:16+01:00,,189
190,FR88910793386670789OL7FI282,SGHDSGTE,2012-07-08T05:12:54+02:00,2023-12-24T08:31:40+01:00,190
191,FR083920070776796O3X8173416,TQVYKEU4,2013-12-01T02:53:16+01:00,,191
192,FR52404004542665056569B5540,BWWNFRRR,2018-01-11T09:21:31+01:00,,192
193,FR462010070085750A124002846,CJQHRUIW,2013-07-09T13:27:57+02:00,,193
194,FR6823770286200HF2D57104035,XPVXBI28,2005-03-26T08:45:03+01:00,,194
195,FR809513002556327525N935444,CWPJPAZV,2006-09-25T05:05:12+02:00,2023-12-26T00:31:27+01:00,195
196,FR526804200094852Z30F222120,FQMIGYAY,2016-04-19T07:29:48+02:00,,196
197,FR56540066990262S6535739309,LXAWFRAN,2010-08-23T20:41:07+02:00,2023-12-27T10:48:16+01:00,197
198,FR420470081124790FE32E04056,QRTRIMKH,2013-05-14T06:00:09+02:00,,198
199,FR910028790009592X6K507Y668,TDJSTF9R,2010-10-16T14:52:34+02:00,,199
200,FR585007970300993289I2NI395,WSQVLTN0,2017-08-21T03:32:09+02:00,,200
201,FR402200468690852D6694R6688,CHAHMSP7,2004-06-20T04:20:06+02:00,,201
202,FR9301863326505581229691858,LZANFONB,2009-10-17T21:14:12+02:00,,202
203,FR9106703160693746806567233,HGLHESXH,2018-11-10T18:36:32+01:00,,203
204,FR86420041016794FU4J1505D02,AISKAIJV,2010-11-09T06:07:02+01:00,,204
205,FR3317003180787Q76178458014,PJFUKWEP,2022-10-15T16:12:57+02:00,,205
206,FR277303510763774105K021B71,DHXVISED,2005-07-01T17:51:43+02:00,,206
207,FR9447081218946669161037108,XFXTNCI1,2018-09-25T04:40:05+02:00,,207
208,FR8331002600681120583619621,IXFEDOQ1,2007-01-18T11:09:03+01:00,,208
209,FR930014081885BB8N47C8AF682,RMVNOMQQ,2013-01-06T16:58:40+01:00,,209
210,FR370010581038GZ2N5OK189071,HQEKGMSO,2004-09-08T18:24:15+02:00,,210
211,FR79260400849511174S6C95791,PIPZPS7R,2020-04-03T02:55:27+02:00,,211
212,FR7205809710757Z4159AOA1093,IZJZNC6S,2014-03-23T23:49:12+01:00,,212
213,FR240079030403133M694641995,HAPXAG5J,2019-08-23T22:39:36+02:00,,213
214,FR48280248709800758074V8049,LDNJAUFY,2022-01-14T07:49:27+01:00,,214
215,FR5493446007676323263861733,LWUJFMYJ,2010-08-14T13:28:44+02:00,,215
216,FR073147060027820878N004883,VPWHCU2O,2023-03-12T13:35:26+01:00,,216
217,FR1534006484045P82060029629,LMEBLSN5,2011-08-22T09:36:55+02:00,,217
218,FR3540240044316221690U66266,XLDPSD4Q,2023-04-25T16:48:08+02:00,,218
219,FR07602001924270M664217Q401,JWFBKMR4,2016-06-30T05:09:51+02:00,2023-12-26T04:41:49+01:00,219
220,FR5701660010085R32WP2W06602,JFATSVS3,2011-05-30T04:16:10+02:00,,220
221,FR763046064934NX79114424355,IZMJAOB1,2019-02-26T13:11:46+01:00,2024-01-08T18:34:37+01:00,221
222,FR81098210096866K8878752I40,ZXFTGDKJ,2022-01-10T15:24:09+01:00,,222
223,FR229100631002721165H758695,NADJRWB4,2009-05-20T13:25:20+02:00,2023-12-28T18:58:47+01:00,223
224,FR560790655645E4311FM248516,DUPKSRUB,2022-02-04T06:47:29+01:00,,224
225,FR7364545052851M32259914154,UHTJVCR1,2010-11-11T10:53:04+01:00,,225
226,FR076050068017I3H694T564P34,QMCQMOBO,2018-05-08T18:21:50+02:00,,226
227,FR965702007912859W403K50785,JUSUXK8E,2015-11-05T06:39:06+01:00,,227
228,FR9451800240032363811U15552,UAZVPLTW,2006-02-09T11:33:27+01:00,,228
229,FR875006004334472LS93475605,KILOKN5Z,2021-07-20T14:32:27+02:00,,229
230,FR5403500770064D965052S1011,IGWOIQQ7,2016-12-28T16:15:35+01:00,,230
231,FR500066007018737265F440586,BKGLEENH,2019-05-05T16:33:11+02:00,,231
232,FR4107027530302573337616226,JTZGCFU5,2006-03-25T15:24:39+01:00,,232
233,FR3367910028459474117O61Z13,UQJSCAY5,2006-03-09T14:57:24+01:00,,233
234,FR660015001188N557544906Q79,FYYGYELX,2004-04-18T03:01:51+02:00,,234
235,FR9008350120639928I74714897,VNZABTLD,2020-08-19T14:21:30+02:00,2024-01-04T11:54:44+01:00,235
236,FR386079854171R089FA1015774,QIXEBIYH,2019-10-16T18:59:46+02:00,,236
237,FR0929720891103914756684172,ZGSQLTY6,2021-12-27T05:39:05+01:00,,237
238,FR72841008407663C9P15377980,INBPSXAY,2023-06-22T06:45:11+02:00,,238
239,FR8400700100109882200103969,AVOLGQI8,2010-02-24T23:23:02+01:00,,239
240,FR12003800916168E5574643414,TOENJPC9,2011-10-10T11:48:33+02:00,,240
241,FR5602691806881639296A91053,KDJTEC3I,2017-09-29T21:07:45+02:00,,241
242,FR7150947009429O3093Y559088,JQPJFR5C,2022-05-06T01:54:39+02:00,,242
243,FR780077997804796N93U312771,EWRZCUGV,2023-01-21T12:29:43+01:00,2023-12-22T23:58:07+01:00,243
244,FR428006033859TDL9484748941,KUFJGD47,2008-01-22T06:30:38+01:00,,244
245,FR6723003861994300548G10032,XNKJVAFV,2005-09-13T13:58:11+02:00,,245
246,FR6309090602121M9C48Z266238,ZOCNFI06,2012-05-31T13:53:58+02:00,2023-12-21T04:34:27+01:00,246
247,FR66900470024322071403X9621,FWSLEGY9,2006-05-11T00:21:34+02:00,,247
248,FR39976550074918S138963EV77,GDRUMWI0,2013-06-20T21:58:36+02:00,,248
249,FR277933206292651547P508412,PABMJOEY,2016-05-15T10:44:40+02:00,,249
250,FR050502300323I176FE0623965,CJVTAR0M,2017-05-30T17:39:55+02:00,,250
251,FR5126007401524298366157E07,VKSUMF58,2014-05-11T00:40:03+02:00,,251
252,FR320029030385T89193V70E137,UWGYAFBT,2007-09-23T05:51:45+02:00,,252
253,FR810200736073405383896D221,NDNZEH89,2016-06-30T04:22:59+02:00,2023-12-21T10:08:09+01:00,253
254,FR430700077004S22456U449399,MMSHFOA5,2014-08-01T08:14:32+02:00,,254
255,FR6720080084296526W0S479292,OEQSTKPD,2016-05-14T15:49:03+02:00,,255
256,FR81052129007223Q0A69936264,MFJOTOQR,2006-07-10T03:32:55+02:00,,256
257,FR19528612996601X97V9W35208,NUNUGNSB,2011-01-05T10:43:12+01:00,,257
258,FR1800380045398454653B23249,HJSKGFHU,2020-12-28T22:58:11+01:00,,258
259,FR567060315009865159A446884,DXTQGLZE,2006-08-03T05:27:09+02:00,,259
260,FR9500090171775468R18824J55,FGHBNE95,2021-09-21T21:18:09+02:00,,260
261,FR66789252002203B1E05160003,AMCCCCG6,2020-01-23T16:51:16+01:00,,261
262,FR3801647250082448746814214,RAMBADWB,2021-05-01T11:16:18+02:00,,262
263,FR4300504470360324V12259263,QHDIIDDF,2021-09-28T08:57:15+02:00,,263
264,FR82700928476955HYI6G178751,TGRDML24,2022-10-07T14:16:54+02:00,,264
265,FR88009070018773736Z4771V48,UBWICFGO,2019-06-22T06:29:51+02:00,,265
266,FR69010215006205107B40H1509,CCFMNR8Q,2013-02-17T12:33:15+01:00,,266
267,FR040764007203336W75N776260,FDCVGLG6,2017-04-26T10:27:42+02:00,,267
268,FR400600700600238S469N84290,GYKLMSDO,2021-08-02T20:36:27+02:00,,268
269,FR5680736060249626116457205,DUYXFONA,2011-12-25T21:28:48+01:00,,269
270,FR3392002494779T6146771VM22,FYZASC47,2021-04-16T06:06:26+02:00,2023-12-13T07:07:14+01:00,270
271,FR9216321249594W958176SO259,DUGYCIC0,2015-08-14T03:56:24+02:00,,271
272,FR37400300600656F053X5Z8G10,CCATUSV6,2014-07-29T11:41:51+02:00,,272
273,FR15088700600551NO055189Y91,CCQHKW10,2014-07-20T20:59:53+02:00,,273
274,FR27078075011097289105P3135,MMAAAG2C,2007-05-07T16:37:55+02:00,2023-12-31T16:21:24+01:00,274
275,FR4000220063977V689T1Q67996,TQIOIMWA,2008-06-05T21:10:19+02:00,,275
276,FR657007473508148CX62991934,MUOISMTU,2019-06-09T19:28:56+02:00,,276
277,FR890730036609745S69932K243,ONXKCMRQ,2023-05-20T21:50:54+02:00,,277
278,FR6582856809013C8DV550W9401,AALAPF75,2005-05-24T05:02:12+02:00,2024-01-07T06:10:21+01:00,278
279,FR486091227050A665X56B12631,PNHTCLVW,2017-02-23T05:49:31+01:00,,279
280,FR5890600944345614471796216,IUOYTCG1,2012-03-28T08:17:18+02:00,,280
281,FR750010133864310565D671V81,MTJMVGS8,2017-09-24T20:47:33+02:00,,281
282,FR670071900674I1K299Y169039,BICUTVOC,2019-03-07T05:14:42+01:00,,282
283,FR98262577438797827Q0020126,EOBRIT4I,2005-02-25T12:31:44+01:00,,283
284,FR810880087320TW70P7MB75532,WMUNUG7S,2005-03-15T22:19:16+01:00,,284
285,FR6467909410917O13062996358,UNHAIQKM,2009-09-08T16:55:32+02:00,,285
286,FR093500707500FG3R15XR76573,KJSDZAFG,2022-08-27T12:59:04+02:00,,286
287,FR580060791294393584H748356,XDNHCURX,2018-04-09T23:49:28+02:00,,287
288,FR74275019808100KA557803710,FACNHUQE,2021-06-18T20:08:54+02:00,,288
289,FR910017993160Q4065V0901304,PYTVPTFM,2014-07-22T13:40:27+02:00,,289
290,FR10012300069053F0231449641,VJETBJDZ,2020-06-20T02:57:56+02:00,,290
291,FR5178047160238965B57659280,UHQWMR91,2012-03-04T10:59:20+01:00,,291
292,FR1890009197952980313975087,BSAJAIV5,2020-10-20T19:35:18+02:00,,292
293,FR457360017036V4R1461953277,UCXYBNE8,2021-03-21T09:25:18+01:00,,293
294,FR8934223907464629224393852,ZLZDHUWU,2011-10-21T19:40:53+02:00,2023-12-15T12:15:08+01:00,294
295,FR45700080656378B1764435973,JSOZMNQ9,2022-10-13T11:00:47+02:00,,295
296,FR532020060945I875755347462,DCLSSGTG,2021-03-29T09:11:22+02:00,,296
297,FR760800970093P7883S8791238,SXXBSGNN,2005-01-10T05:45:57+01:00,,297
298,FR324700090089484F0M666VH47,OSRJBGMS,2004-03-16T07:22:40+01:00,,298
299,FR34843276098238673O1053467,QJUDGB8K,2018-07-21T07:33:46+02:00,,299
300,FR41645600143492573238C4O43,QCVUVU27,2019-07-31T12:37:31+02:00,,300
301,FR87009334832795O4MX94F3802,DNUPIQ2A,2007-03-01T08:24:21+01:00,,301
302,FR28307506023387594N6465811,AYDXUYCE,2007-05-20T02:02:52+02:00,,302
303,FR521547000394T57U605578892,FZMBCD2R,2004-03-21T10:19:35+01:00,,303
304,FR614820800812F01D1715NXI35,FBSITN2Q,2008-09-04T14:19:51+02:00,,304
305,FR1439561600080419Y98X49578,MZJVLB1Q,2006-08-01T16:47:54+02:00,,305
306,FR1420208709343546220513790,HTLRJMUQ,2011-06-07T12:22:26+02:00,,306
307,FR86024007003089E70FJ09ZL76,RNKNPG2P,2012-07-29T11:35:10+02:00,,307
308,FR2790097015400861998M92V31,KQGJLRR8,2015-06-27T18:33:02+02:00,,308
309,FR5926787490957678835Z20675,ENKZKNH5,2016-02-05T03:56:02+01:00,,309
310,FR8937002389033H06274405141,AKTQSD3W,2009-08-13T15:14:50+02:00,,310
311,FR490509095307S936116F58185,WNOBOMF6,2020-02-02T06:22:28+01:00,,311
312,FR207976847475J325Z98575S26,LCKIEC05,2022-08-07T01:29:57+02:00,,312
313,FR262083028986B0K7X98512X71,PKTWKED7,2023-07-25T02:33:57+02:00,,313
314,FR566125961656916276HD89433,PBUUUM19,2008-08-26T02:08:52+02:00,,314
315,FR6500125700748F96304Y01N63,NRYDUYZD,2017-07-17T17:04:16+02:00,,315
316,FR4283020904431175J94182B14,OVLEMNNS,2022-03-07T14:17:58+01:00,,316
317,FR0452870096738FSN87C079666,QJGDBETD,2004-02-11T04:15:46+01:00,,317
318,FR8485560601464562O3J5W5001,QURTKMAJ,2021-12-11T01:57:00+01:00,,318
319,FR35700308300739I50781F7V39,KHXTGT7C,2022-02-03T07:34:47+01:00,,319
320,FR110760200784PG379DC414959,TMIJBGHW,2012-11-28T10:45:07+01:00,,320
321,FR050050937803626937O555551,ASUVBHNP,2010-08-04T06:54:33+02:00,,321
322,FR617547080420854916P203348,UYZUSKHP,2015-09-09T16:12:32+02:00,,322
323,FR073700850027401227424Z298,HXKKTFTR,2021-01-26T09:16:14+01:00,,323
324,FR020971075105961I67MC21226,UECWPTRO,2016-12-27T18:36:13+01:00,,324
325,FR774003203995U4615379A7430,WWMFBESG,2010-07-04T15:48:02+02:00,,325
326,FR9300280570702777899920633,PJWZNGL2,2012-07-17T01:04:24+02:00,,326
327,FR387800859002766351K052204,HVMJBBZD,2007-12-05T04:19:56+01:00,,327
328,FR27906425823454T240944MX80,JZOEFM83,2018-01-21T12:31:40+01:00,,328
329,FR6400805980661194665PC6K16,CCAVTW8N,2011-05-05T00:36:07+02:00,,329
330,FR46374950005535HXH59059594,MIMITKEH,2009-06-22T23:58:37+02:00,,330
331,FR930040611094766220585OU63,GXGGPNL2,2022-12-26T14:14:00+01:00,,331
332,FR62005974021594895X4176122,MWGPBARN,2019-12-23T23:25:13+01:00,,332
333,FR193060020092973658Q0B2144,KJEFKNT7,2020-09-07T15:53:45+02:00,,333
334,FR525840794883W0V6544156Q13,MTGMYTU1,2020-03-31T23:51:06+02:00,,334
335,FR24207903423127711O1475425,JQDESLE7,2016-06-21T10:38:53+02:00,,335
336,FR238620170122628042B774919,JVWREG3R,2023-05-25T21:57:38+02:00,,336
337,FR96263074734363J8535Z39632,LOWQVGUW,2017-01-28T13:19:47+01:00,,337
338,FR272031520113Z30DY96715085,RUJRKWLS,2022-07-22T21:17:52+02:00,,338
339,FR721082104303H50J2E2P3L345,RPTZCGXO,2022-06-21T18:56:43+02:00,2024-01-05T07:15:21+01:00,339
340,FR90453876730837T75A1474F87,QJSJYT5I,2021-01-11T04:45:26+01:00,,340
341,FR9402070080913L75188884529,IZOZPL9M,2016-06-17T19:26:47+02:00,,341
342,FR3475307500380911L739V8Z53,FDBLJOR3,2019-06-08T20:36:33+02:00,,342
343,FR929029007750324864712O412,CUCZAZFS,2017-03-12T11:47:40+01:00,,343
344,FR462700617236006C935O13S62,OBJPSO8Y,2019-07-11T05:10:42+02:00,,344
345,FR31000950008036RUX89153279,TKCTBNOQ,2007-09-04T00:24:52+02:00,,345
346,FR59008200496469796Q0481R20,ZRXKKESJ,2010-11-09T07:59:23+01:00,,346
347,FR3801034080316900704S3G591,LWBFMSLC,2004-08-22T09:06:11+02:00,,347
348,FR2468105005088926568808X12,QJDOPEA6,2005-10-12T00:08:27+02:00,,348
349,FR62103017402282489X5140683,GJEWGWG4,2011-08-20T21:11:56+02:00,,349
350,FR821004240322U91128E29X194,SQKNGFF5,2020-04-16T01:00:10+02:00,,350
351,FR735097246662N190F77049894,XMFXCX6T,2013-07-01T09:29:58+02:00,,351
352,FR79075172358124435232SL677,YTPOSHRB,2016-04-23T09:46:51+02:00,,352
353,FR4800648478277798830153392,PXGNSO8C,2015-06-07T17:43:56+02:00,,353
354,FR97518035014144667080D1U53,PHBZKG4V,2017-01-18T17:46:28+01:00,,354
355,FR06400409361477600A6039L29,FTFYUGIY,2013-02-03T13:44:43+01:00,,355
356,FR36907001872933N3J36802H81,CUPMBDSP,2017-06-02T18:46:36+02:00,,356
357,FR850358390246790748PG15356,NKWWVUL9,2007-03-19T10:36:26+01:00,,357
358,FR36952029909719OU81H539721,SSOGBMN4,2019-04-22T06:22:55+02:00,,358
359,FR1533041132353814183I24482,VYMKGBJY,2005-12-26T11:58:06+01:00,,359
360,FR81600720493978329DI2B0T67,MAAGNOJT,2004-02-20T23:57:18+01:00,,360
361,FR3302069830214761888N64529,PQJSARG7,2018-11-08T23:55:41+01:00,,361
362,FR3089909170086060R7G588365,UNENSNQK,2020-09-29T07:43:19+02:00,,362
363,FR986090237782C3Q0380696112,XKFSSV5L,2015-03-07T15:36:38+01:00,,363
364,FR9200206004338440M61205I96,KYNXMUBA,2023-11-27T04:46:17+01:00,,364
365,FR212030043815041904PXC6632,DTGXMRO5,2007-09-27T09:22:36+02:00,,365
366,FR62809220048148780B50LE510,IMEBMZTM,2023-06-09T13:47:57+02:00,,366
367,FR940321071001R093R97M11196,TFUNSEDL,2014-06-30T14:47:15+02:00,,367
368,FR988588163531C84092Y179O44,MVUVAFOU,2007-05-21T00:30:04+02:00,,368
369,FR701550750631727866217IT03,FFNLAMYK,2021-01-21T03:16:56+01:00,,369
370,FR286080402018599561750E715,KLUNKNHM,2018-02-20T07:46:21+01:00,,370
371,FR380048014633733136098OU36,URSHHMU5,2022-01-26T20:42:17+01:00,,371
372,FR9500102900762M03041956A77,EZRIEGOS,2018-09-22T08:09:33+02:00,,372
373,FR340931961030J3598778U9041,CMGTMVVN,2011-09-20T07:21:53+02:00,,373
374,FR2510096903339893190912340,EYBUMHG6,2008-09-11T00:31:39+02:00,,374
375,FR56052800609649701Q7J36525,IDMTNFB8,2021-10-02T23:24:08+02:00,,375
376,FR34089800492065L15X7476365,SMZQYEZZ,2009-02-01T19:56:20+01:00,,376
377,FR110205098806275TJM9793W40,RKHNKNP5,2021-05-20T21:37:10+02:00,,377
378,FR8709938059561Z4E074210243,OCNLSGWM,2023-08-03T13:21:03+02:00,,378
379,FR2506560837809234737900938,IZAKHTBV,2023-06-25T16:04:45+02:00,,379
380,FR8285090700035032539805351,XPBECOQ4,2005-03-24T18:18:07+01:00,,380
381,FR674007607051S17OK85606387,VPPLDZC9,2016-02-29T21:07:44+01:00,,381
382,FR428420090311315V2M8T9E618,BDJPTVCG,2005-10-21T19:38:35+02:00,,382
383,FR862024501880IG6I864798506,DCEBJOI2,2009-02-06T03:37:59+01:00,,383
384,FR8207206238870092967160333,GWIRCHXG,2010-08-15T03:34:05+02:00,,384
385,FR9800880750098181O30346710,OITXSBPW,2015-03-06T07:03:51+01:00,,385
386,FR8602501630930473656835012,DAEWSXLD,2015-05-16T23:24:48+02:00,,386
387,FR955032175544990A7P96ML413,EXCBMD75,2011-06-26T15:10:15+02:00,,387
388,FR317103008974O67I80421J260,HYBDMMUQ,2022-07-04T20:04:41+02:00,,388
389,FR24740090938775179Z9072W38,VJNGTOI9,2014-01-13T00:22:00+01:00,2023-12-17T13:49:41+01:00,389
390,FR500052770377BOZ0E3475ZW78,QLMBNR7Z,2020-07-19T04:06:45+02:00,,390
391,FR080070003086I7930Z07A1675,FXFMEHPA,2023-08-10T01:45:06+02:00,2023-12-31T00:07:32+01:00,391
392,FR62040746200998D8H71152J04,MLPNSE97,2021-02-28T21:58:43+01:00,,392
393,FR4088042199652H766DB531269,BJSHFKCJ,2023-03-31T12:26:03+02:00,,393
394,FR49400090007234PW260129W03,HVDSCIYI,2023-06-29T12:02:15+02:00,,394
395,FR6450524487274208012O39684,GYUDMU2L,2013-04-17T16:13:32+02:00,2024-01-06T21:36:09+01:00,395
396,FR8969003363615633LB622C522,YTOWCVI8,2004-01-19T12:06:35+01:00,,396
397,FR7581357006121513H61510790,YKRZNEPY,2019-11-22T07:22:39+01:00,,397
398,FR514006447753LC9DS10665375,OQSQJE1B,2022-01-06T23:41:01+01:00,,398
399,FR9591048748313BUY13907Y657,UFEISC2R,2023-12-12T00:26:19+01:00,,399
400,FR9200364494921XQ6566NY1651,WEUUCGO9,2022-12-26T08:17:49+01:00,,400
401,FR969508030531849R376506826,CETDGM7Q,2023-04-01T09:52:26+02:00,,401
402,FR044514370699N43M7S0371034,IZAWSTPD,2010-06-24T15:53:43+02:00,,402
403,FR541705599797312J093935194,MFMGRO0I,2022-10-10T16:28:38+02:00,2023-12-26T15:19:35+01:00,403
404,FR385058900254VP245Y2486015,QGYAKGRB,2019-11-12T16:24:30+01:00,,404
405,FR8102429980533G517O14W3Y79,NSPQIQ7N,2020-12-31T20:26:42+01:00,,405
406,FR1284780564876069N2QG97F10,JISJNF0E,2021-03-03T01:14:51+01:00,,406
407,FR430343008272104L52790SD17,JNBIMGQG,2015-12-31T19:52:00+01:00,,407
408,FR422088360045570W022X06739,RAGHSRHQ,2023-12-22T19:58:48+01:00,,408
409,FR8401060500377J2073V501338,IPJDBM3G,2023-11-25T13:53:20+01:00,,409
410,FR650098200400T1242M6081355,DLSRNPYB,2014-12-22T06:53:56+01:00,,410
411,FR1501180071568Z36283884553,ZKGFGS6Q,2019-08-16T17:28:31+02:00,,411
412,FR811002620104PRR3177861Y93,EHJXBFAY,2012-10-30T08:26:59+01:00,,412
413,FR7116063670088170063170953,YRWSGRUG,2004-05-31T04:20:48+02:00,,413
414,FR298006606035974044A2S9569,NDFYPHWX,2013-04-04T06:09:52+02:00,,414
415,FR22108090061847VS880494126,HRCSAZJI,2014-10-10T19:16:15+02:00,2023-12-25T12:16:39+01:00,415
416,FR704010097842440IT76P23818,UXOVZAAP,2007-07-19T19:23:36+02:00,,416
417,FR9400260010122440V46T9B726,MVLXMMPD,2005-09-12T06:39:28+02:00,,417
418,FR56835085108702275977Q9602,ZFXQJMYM,2021-12-09T02:25:53+01:00,,418
419,FR4140570800818300905123W42,SEZNGQUG,2016-06-27T03:05:46+02:00,,419
420,FR76107363520273A699J728248,ORKRMLE8,2005-02-08T03:48:05+01:00,,420
421,FR3600701106893075956512680,GJYSNGQJ,2022-10-08T07:19:35+02:00,,421
422,FR09440058095403075I878G031,HOSJAU31,2005-12-28T00:30:35+01:00,,422
423,FR425331750028688548CI53006,UXTKSR6N,2014-11-13T08:33:04+01:00,,423
424,FR49003002988447LV018562144,IDKDSO0R,2022-08-30T11:23:28+02:00,,424
425,FR27002074105172A3975U55883,CDWVWS17,2011-02-22T21:17:09+01:00,,425
426,FR380603500996Z30J321867395,QSFRBRK8,2010-12-10T10:32:17+01:00,,426
427,FR56030020452604979875YM359,VLJRINVU,2017-01-25T02:19:21+01:00,2023-12-13T06:25:02+01:00,427
428,FR5100521450127T81644L04068,BRROCDTQ,2022-06-23T00:47:51+02:00,,428
429,FR816096920070311K436025249,RUVXIQID,2012-04-16T16:10:41+02:00,,429
430,FR84599064938243J8PS8186256,LKPGADKC,2022-09-28T19:10:57+02:00,2024-01-02T23:02:59+01:00,430
431,FR779086690126843L870925066,LBYGXKVM,2006-10-27T08:31:41+02:00,,431
432,FR700274513656382U6328J9875,WCIXLI88,2016-03-26T08:16:03+01:00,,432
433,FR7160020798852147EM0899C56,TZLWIRPL,2019-11-18T05:45:56+01:00,,433
434,FR1803256476808349124251437,HBYZHKHM,2018-02-05T22:13:17+01:00,,434
435,FR050655050023195890772C081,GAIHFM6E,2019-05-14T06:01:16+02:00,,435
436,FR36038007545693778R2043801,NRNJCZ49,2015-06-16T04:52:14+02:00,,436
437,FR078077100762005236O5Q7660,LVNJAZ3P,2005-03-02T03:10:31+01:00,,437
438,FR0927894329394FN296Q5IE973,OZOCGNY8,2019-04-18T04:21:06+02:00,,438
439,FR3402006006616094720580988,FYINATMT,2004-10-29T10:31:52+02:00,2024-01-03T04:00:53+01:00,439
440,FR980081021006XW0Y75841O311,KMOQMG9C,2005-07-02T05:56:43+02:00,2024-01-02T17:46:02+01:00,440
441,FR4340707598009U8736696X904,PPFSAGBJ,2010-01-20T16:32:18+01:00,,441
442,FR9740869100219745707829596,XPTKKZRK,2011-05-14T03:32:45+02:00,,442
443,FR1640098985740I286273E7398,CMAEADNA,2018-01-20T11:26:42+01:00,,443
444,FR3640036066438H47CD4920H86,QHMOBBLW,2019-08-08T01:56:08+02:00,,444
445,FR83908000651023B9C6W671787,YUORYTJX,2006-05-18T15:13:08+02:00,,445
446,FR0250080507126101138708C07,ARFHPKZZ,2020-02-29T03:33:29+01:00,,446
447,FR140228005867F5I9490DY2142,XVKDSGVV,2006-06-06T18:22:36+02:00,2023-12-30T00:33:54+01:00,447
448,FR303720990141RN361K05I9158,GKZRRU72,2017-08-31T02:26:44+02:00,,448
449,FR8462577100153Y0C5R7Z70216,MOYOKE6A,2007-04-20T08:15:46+02:00,,449
450,FR0200310694304906M27334480,UMXGEGWF,2021-04-19T18:47:47+02:00,2024-01-10T07:55:32+01:00,450
451,FR1588914570777H11657T79620,QIKKJOO8,2023-01-19T00:09:25+01:00,,451
452,FR530068209007TU2MV83589I88,BTKXSI9N,2014-12-30T10:25:39+01:00,,452
453,FR0704003506562206380190657,MQKDITPZ,2005-02-19T01:37:51+01:00,,453
454,FR182190038807110W056J09P52,UOIVMDQM,2010-07-01T10:05:27+02:00,,454
455,FR260100790021708148722R847,ZNLZUA4K,2019-10-02T07:56:26+02:00,,455
456,FR24090989565289902C8746611,NPYWKH36,2006-04-29T05:41:15+02:00,,456
457,FR630094008075S584395089868,RVIYDZOZ,2007-05-29T23:54:20+02:00,,457
458,FR5230057103002682A246Y1019,VDVWIMZ6,2008-06-04T14:38:59+02:00,,458
459,FR43556541140067K8159534641,ITCOLSUM,2018-03-05T13:34:59+01:00,,459
460,FR075240380530775414846V742,NYQXAX0V,2016-12-20T10:14:27+01:00,,460
461,FR4351292300599C8AN27020687,RYBAKWYV,2008-04-26T22:28:51+02:00,,461
462,FR410019841681139033M9W5S31,RGEITR67,2004-04-02T22:25:09+02:00,,462
463,FR6879300200917QIF6N437MR44,BYMYTJZK,2023-02-22T01:56:25+01:00,,463
464,FR8500603103784GT9750097775,VBJGAUXT,2007-05-03T07:26:39+02:00,,464
465,FR76671097300544L554Q348448,THIZGF60,2015-02-13T01:01:59+01:00,,465
466,FR20251202271576J0141342566,EJAMNF75,2012-08-01T05:07:18+02:00,,466
467,FR96003040025414423Z7CA6H00,ZTGBAWNH,2022-10-20T12:54:40+02:00,,467
468,FR070068000638I1E649CS91338,DNONGSSG,2013-06-24T19:26:57+02:00,,468
469,FR30521506500995IW8B7U5I986,JLTWCWTP,2019-03-17T18:07:08+01:00,,469
470,FR357790800971L41832G972209,CUYEMWKP,2006-11-29T18:47:06+01:00,,470
471,FR33085400193568160387L9526,QXUCMMU5,2009-05-01T20:09:00+02:00,,471
472,FR6906560150040628616977521,ZZMXREUD,2018-11-11T01:32:15+01:00,,472
473,FR316270369840E940851324425,REZEIQ0Z,2012-09-05T03:49:36+02:00,,473
474,FR57008276001475095XC65O841,QMMZCKSZ,2012-10-20T04:25:03+02:00,,474
475,FR7310001100447H164U8257403,DFKNNOIC,2012-05-09T00:58:50+02:00,2023-12-18T22:36:39+01:00,475
476,FR0851000748133968275Y40818,EDLLCYFG,2014-04-20T14:57:51+02:00,,476
477,FR26070900404249W27LV776963,MOXZAQX1,2017-04-10T12:05:33+02:00,,477
478,FR48398173908681915ZY1D3673,IUJMLVSU,2020-12-20T15:37:57+01:00,,478
479,FR24478008062628Q6619098O11,NHPLSHX2,2023-12-26T06:35:55+01:00,,479
480,FR64597100227045YFG680P6369,DQKMTGAS,2020-01-09T22:24:43+01:00,,480
481,FR251020760907Y1VD525R63929,QUAMAO7X,2009-02-11T03:18:37+01:00,2024-01-06T18:07:57+01:00,481
482,FR54997200984598602527U9133,RKJTDEA9,2016-07-01T04:35:01+02:00,,482
483,FR2402200900496C226UYB96739,AWMGKZMQ,2004-03-13T02:34:01+01:00,,483
484,FR661070983846556VRV6OXI975,MGCVKIJW,2020-09-29T18:34:26+02:00,,484
485,FR29021290016068Q9MP1861698,JWBDBSTA,2016-02-13T02:17:21+01:00,,485
486,FR630403580146045552366U388,YDFNUSEM,2020-05-31T20:11:30+02:00,,486
487,FR8400624050576185QJ4548724,RUHDPRIJ,2017-03-16T11:32:18+01:00,,487
488,FR7912908242061899I86X69878,TCOMSNWB,2005-02-25T05:27:52+01:00,,488
489,FR278070300520024S453Q27Q26,RCSPCUHP,2020-07-15T02:56:50+02:00,,489
490,FR34707507500743691N1946083,TCSHJEQ9,2009-01-02T10:31:48+01:00,,490
491,FR7600800016339980P14892L76,EHKGRO66,2019-01-21T18:40:00+01:00,,491
492,FR81308700808904117459AO226,XYXQSDUR,2011-01-29T22:52:14+01:00,,492
493,FR090051005774365493643B649,XVKOVUO9,2009-07-16T23:10:01+02:00,,493
494,FR15870323407341B14B2P83276,GUULMEKB,2018-03-21T12:31:27+01:00,,494
495,FR8317049603301153892PG2O97,CTTSSCNL,2016-01-27T14:46:29+01:00,,495
496,FR17306004071549526571Y9603,OFUJSTW1,2013-12-10T15:05:52+01:00,,496
497,FR575604100576672D8339Y5902,NIWPWF7T,2018-11-08T03:39:16+01:00,,497
498,FR9090706160588S664L0989646,HYNINZSU,2005-11-23T07:13:47+01:00,,498
499,FR6500871004681ML015M184335,TXZBPTU6,2019-03-27T05:39:18+01:00,2023-12-25T01:10:56+01:00,499
500,FR282848120123K1Q79F1467I85,DTENCFZS,2019-08-05T23:55:34+02:00,,500
501,FR653306852789P07P5804M8232,YMLVNRSF,2013-10-04T08:11:32+02:00,,501
502,FR697008300829168BE49023S79,EZKZXKVZ,2011-08-19T00:18:28+02:00,,502
503,FR586072043782T5A5429260380,LPCUPYFA,2011-07-16T05:17:52+02:00,,503
504,FR523800513311610511755P908,DOPAMQNA,2015-03-02T14:06:08+01:00,,504
505,FR3106550405903430YU9946412,DCTYCWFS,2022-05-26T07:06:58+02:00,,505
506,FR78710051300744C02RAN30151,JZNQCO7D,2005-07-29T01:42:56+02:00,,506
507,FR500920850032O8177955I1552,VPMJTDFA,2018-10-25T06:00:33+02:00,,507
508,FR718900750074713I25GX85677,ZMYQLS37,2023-10-13T07:52:35+02:00,,508
509,FR4023333600772PE8840597845,MJZPVN9B,2021-06-01T05:07:56+02:00,,509
510,FR570090321322M23Y305897337,UDUMJMBH,2006-10-31T02:36:24+01:00,,510
511,FR5239008073751086825224C21,KQQWOMK6,2021-02-24T16:35:25+01:00,,511
512,FR150707265918346724R104946,NCFCTWRQ,2019-08-17T04:22:20+02:00,,512
513,FR4997240321221950037I40838,RJVASZ6V,2009-11-07T23:42:20+01:00,,513
514,FR9560022000903900313080674,SDEICNHD,2005-05-10T04:33:01+02:00,,514
515,FR64906004040064C2542D12X86,OZQIVAQE,2005-08-10T14:19:49+02:00,,515
516,FR540100113050WO08343738574,QIAMTLEP,2012-08-04T03:29:33+02:00,,516
517,FR02887371493422H683F665841,OJFKPMM2,2008-04-02T09:57:14+02:00,,517
518,FR980018130310A686802059385,DOEPCUQ6,2006-08-22T10:53:22+02:00,,518
519,FR625912016207I7P284X572225,OKPOSNCW,2011-05-12T08:42:51+02:00,,519
520,FR1345634587660469147472H30,QGKTPG8H,2005-05-02T00:19:59+02:00,,520
521,FR5543090203385E19163735C35,CYGWWSOX,2020-05-18T11:29:02+02:00,,521
522,FR286081708194409552211F551,IUNFTV58,2019-07-26T07:40:18+02:00,,522
523,FR3130173609290051NWP4O8293,NSQZCOX3,2020-10-22T20:03:18+02:00,,523
524,FR4800230030931696074720205,TQTYTG2W,2020-01-06T16:30:01+01:00,,524
525,FR2338064440188I5683763OM80,BCBBIL56,2024-01-02T12:29:45+01:00,,525
526,FR54474603100686098231K5538,GMWBSGBB,2007-07-24T13:32:45+02:00,,526
527,FR5580730034821518HW6039190,FAGVSYY0,2020-12-17T05:49:11+01:00,,527
528,FR030028046206C705P4857H309,GFRNGUV9,2019-06-06T14:16:11+02:00,,528
529,FR4900480772461E6431B737778,WFFDAGRG,2009-02-22T00:37:31+01:00,,529
530,FR50088593001360E8LL7015N05,YCXZGBZI,2005-12-04T09:46:50+01:00,,530
531,FR081166030402UM0UK8507Y591,WWZRSV67,2019-09-06T08:54:42+02:00,,531
532,FR331623926003704HZ50589664,FPROSIEU,2018-07-11T07:33:32+02:00,,532
533,FR35057104913354K55Y3533752,TWCFCK3B,2006-05-12T08:53:29+02:00,,533
534,FR6044090340012H4H6N8H03R62,DDULBBCN,2021-01-24T08:28:49+01:00,2023-12-19T03:33:18+01:00,534
535,FR35030888075776077370V2175,AZUAKZN4,2015-11-06T20:50:09+01:00,,535
536,FR560065351463Q1268G5598809,MXHTMFJD,2004-06-14T03:54:24+02:00,,536
537,FR9111651014881702097773424,HSJTBMC4,2020-07-14T03:42:20+02:00,,537
538,FR4716454810812N64061883165,BQWZCCW2,2016-05-16T14:03:07+02:00,,538
539,FR070414040925487947730Z884,GQJQCGTD,2019-07-22T23:04:02+02:00,2023-12-15T00:32:45+01:00,539
540,FR880104701635O8C5931231493,KVZXINJ6,2006-09-07T23:35:50+02:00,,540
541,FR864404958675GL73662486852,RYMVMM1W,2011-08-16T15:59:31+02:00,,541
542,FR771508807688J245454058668,VIKCUGX8,2018-12-04T19:12:08+01:00,,542
543,FR251649003003XN0UZ0344R304,OZNXSY4J,2018-06-28T01:47:14+02:00,,543
544,FR08003000606266Z101572F860,EXPIIQCG,2017-01-28T17:47:16+01:00,,544
545,FR34700900608224821N4387859,BQDRCCBI,2009-07-24T17:08:03+02:00,,545
546,FR940500214891NX5618JX43788,NYZZGYLR,2016-06-10T18:42:51+02:00,,546
547,FR8025019050187TI1637794145,PXFAJOF9,2013-12-02T06:37:16+01:00,,547
548,FR369008226006484G891898106,SHQUVGAI,2009-09-06T23:22:45+02:00,,548
549,FR03800631007801U2384148128,PENYPWSO,2022-09-15T18:40:59+02:00,,549
550,FR220050067341S3408QG05E375,JKGETNIK,2014-10-04T16:01:06+02:00,,550
551,FR690800780075424W954PE3624,ZSALHTQF,2016-05-16T16:16:19+02:00,,551
552,FR5600746003396509P65599627,GKTUIRSV,2015-02-21T12:40:52+01:00,,552
553,FR53006207449886U2X02772195,TPRSMG34,2015-11-28T19:30:41+01:00,,553
554,FR94956002072069I61U3330244,VVXPSBHD,2005-06-04T03:53:55+02:00,,554
555,FR4200600030416H62867665489,CUBNMT17,2017-04-08T09:04:53+02:00,,555
556,FR0500500784700P74L12910455,RTSSMPLR,2017-09-01T10:18:50+02:00,,556
557,FR92300205919579848676H0139,SMNDKPBE,2008-09-28T07:50:29+02:00,,557
558,FR52005010565256592P4175897,MNKSFO66,2005-05-24T23:36:47+02:00,,558
559,FR108610020080302RS2457UD94,JEPUWFZF,2016-05-28T15:36:28+02:00,,559
560,FR24009505283478R8587437475,EYAKBN70,2008-04-16T15:25:24+02:00,,560
561,FR923095057829A1T7437901525,FNGGAWFU,2008-06-03T07:16:40+02:00,,561
562,FR812266002700K67G7R9806324,WUAXPFUP,2023-08-14T13:07:09+02:00,,562
563,FR1559095015784796K9G89K525,AENJINS1,2008-05-26T23:17:05+02:00,,563
564,FR638601020042466C73P8A3133,OQFUMYDC,2013-05-25T11:02:38+02:00,,564
565,FR497200163690029935U0D2269,HISOILIP,2012-06-06T06:02:11+02:00,,565
566,FR46794302364782112VNH06653,YSGRBVDY,2005-02-20T19:15:21+01:00,,566
567,FR6700100225951730318397403,AIHKZA8J,2023-01-31T19:34:26+01:00,,567
568,FR93400173580285288T2266614,UQLCMT9G,2020-06-08T23:40:44+02:00,,568
569,FR553040213608GP456354KN649,WDYALTOV,2009-05-04T04:16:34+02:00,,569
570,FR3082303848103N6D557352878,EHZPSVSE,2010-11-21T07:43:17+01:00,2023-12-30T21:19:46+01:00,570
571,FR6260504503526P9N3640Q1547,XCWWMTMB,2020-10-25T04:23:19+01:00,,571
572,FR8560070020820944081423N70,ZVREBDUH,2007-10-27T21:22:22+02:00,,572
573,FR210070072014U40P320Q03115,XOBGGLKA,2008-07-08T09:26:40+02:00,,573
574,FR910040035223VX067QA2S6002,DZULGLGV,2019-02-11T08:11:36+01:00,,574
575,FR616002006824416277S569748,BQGGTORM,2010-10-15T09:11:29+02:00,,575
576,FR2730607600894G39646MB7801,BGNEDKPQ,2017-05-03T22:27:12+02:00,,576
577,FR717231100665644P10469F492,CIGTKN3I,2013-11-05T10:56:11+01:00,,577
578,FR570503401006J342872451V61,FTVPMG6F,2023-07-10T04:57:33+02:00,,578
579,FR47705100154933981588F2490,UUNQEEVQ,2006-10-24T03:19:27+02:00,,579
580,FR775158057375JQ998683XO683,SMJJNCNM,2019-05-09T23:59:55+02:00,,580
581,FR624480096573952218X827125,QUBVPW13,2010-11-10T17:32:18+01:00,,581
582,FR49125505746585961QH079259,ZGEOJPF4,2018-07-28T18:25:04+02:00,,582
583,FR1860300709767059597D4FQ12,LIDTHU7V,2006-06-01T12:05:43+02:00,,583
584,FR07016508662192987814J8042,ICTEMUFL,2014-11-17T08:47:07+01:00,,584
585,FR417045007982H447721451065,QPZSLBRW,2013-03-04T19:00:02+01:00,,585
586,FR174470059053A041210128H80,ARAPPKYA,2022-11-13T18:18:34+01:00,,586
587,FR73200100764067U98H78KF515,QEYRGUIR,2017-07-18T03:51:40+02:00,,587
588,FR190924535055M4L571V13Y556,YLJFMCXK,2020-05-08T16:04:26+02:00,,588
589,FR325404240087S17TH33690797,VYHAKRO8,2014-08-15T15:19:53+02:00,,589
590,FR978005554126R0E88VP898834,BBNACK1G,2016-06-07T10:11:40+02:00,,590
591,FR17004003940527426885H7287,VAPDAWZH,2016-08-11T01:18:45+02:00,,591
592,FR707981005517708K77J1A4193,ZHZZBJDC,2021-01-28T23:06:46+01:00,,592
593,FR520546030600X60C60J143711,JOSBKGGN,2008-05-14T08:07:14+02:00,,593
594,FR9802214105008954163689177,XVAXLUUJ,2022-06-28T18:53:25+02:00,2023-12-31T10:29:39+01:00,594
595,FR5740005090054243335841756,XYXJPNO5,2021-07-04T23:13:12+02:00,,595
596,FR047140614363G1910O23QT738,AIUGLKNA,2015-02-12T09:55:02+01:00,,596
597,FR507099080349977I95SSF3186,UQABCDJ6,2021-02-14T10:51:16+01:00,,597
598,FR38786600945350380MB534740,GRASDK3D,2016-10-04T23:16:16+02:00,,598
599,FR13509004090962Y05408R7463,QZFOCVYZ,2017-06-13T02:07:58+02:00,,599
600,FR53008100526845C5274H22427,ARSHHTF6,2017-02-28T02:30:39+01:00,,600
601,FR3000498002114R1R93Q8O7881,QVPFHRXH,2023-10-19T01:40:00+02:00,,601
602,FR6545704022935W72493149Q96,PXXFBTVR,2015-11-22T05:49:29+01:00,,602
603,FR90005742700736A126N026452,CZWHUSRY,2008-05-10T14:26:24+02:00,,603
604,FR64107060499644480JUG65493,BDGNTRFQ,2016-05-19T06:11:50+02:00,,604
605,FR5754043080057L261Z5601437,GFKFLIV0,2014-09-04T20:07:56+02:00,2023-12-24T10:15:24+01:00,605
606,FR330038300156V708746535035,QUMMCZ1L,2005-11-02T14:08:41+01:00,,606
607,FR2200270100604050L417T8238,IXSMTG8D,2021-12-16T18:25:26+01:00,,607
608,FR2406032501320538T2FX93509,HXXRAOFC,2011-08-30T06:58:35+02:00,,608
609,FR9647600003675763686074335,WBXLITRA,2018-02-21T04:05:12+01:00,,609
610,FR8315272106247718181488269,NUVBEGRP,2008-07-12T03:58:54+02:00,,610
611,FR9745069002772X20C80626057,CZTDASIK,2010-08-29T22:33:45+02:00,,611
612,FR282773270068P190833531728,YCMHNRPN,2022-03-08T22:28:21+01:00,,612
613,FR51310084658509X14P1983605,FKSSFJIN,2022-03-06T19:13:49+01:00,,613
614,FR67614808007302I88818GQ469,JERLMLEV,2005-06-28T06:34:44+02:00,,614
615,FR534610080445621223034V877,GWAGNAIM,2014-04-11T11:43:19+02:00,,615
616,FR021848900545912RD69146828,OCFAKHTD,2014-12-14T12:17:28+01:00,,616
617,FR5970885310037918Q3Q742717,QUJUNOKO,2019-07-30T16:05:43+02:00,,617
618,FR6105000901776F73Q429M3B10,UGIGAXUI,2016-06-25T22:35:57+02:00,,618
619,FR259005700515Q008841810589,LPNGMDYP,2012-04-29T02:13:56+02:00,,619
620,FR074606602613E157F4R5A3162,JQWICGH1,2014-12-08T17:43:53+01:00,2023-12-26T10:13:51+01:00,620
621,FR666800068551701F448477D00,ELJEAXZE,2021-12-18T12:53:32+01:00,,621
622,FR074090050498L4LMX80167631,KYYFMO4O,2005-10-26T05:38:38+02:00,,622
623,FR4400830090015597Q63742031,NKAOGMYH,2017-01-05T01:39:52+01:00,,623
624,FR80408073697965437386A1983,HHRWGI2I,2013-05-04T08:55:54+02:00,,624
625,FR2264790740462567399FVJ132,TPEGDZAJ,2017-12-05T13:58:48+01:00,,625
626,FR1823304257862116522R19337,JNLEBS7Z,2020-09-12T01:50:23+02:00,2023-12-15T12:00:43+01:00,626
627,FR770233200322K091545638868,YCBTLASJ,2017-06-27T20:31:15+02:00,,627
628,FR32600835415185338082F7662,TLPKVGMZ,2020-08-11T02:25:40+02:00,,628
629,FR5397856411047572568585140,GUETSEOA,2007-06-15T23:20:11+02:00,,629
630,FR07592002079698P76N1246789,SECMTRQZ,2008-12-15T02:55:12+01:00,,630
631,FR5050310072706407Q111L0268,FYTHDJM6,2012-07-28T06:26:46+02:00,,631
632,FR6600602006060P76915688F18,FRQHYTJC,2010-03-27T19:50:31+01:00,,632
633,FR805050831009450K714891Z22,MQVCLSW1,2018-11-16T02:58:50+01:00,2023-12-28T05:51:28+01:00,633
634,FR9298480040540230950O6J797,JYBJKR9B,2007-12-13T03:23:37+01:00,,634
635,FR630609976150027BS3226T272,IKNWLUPR,2020-07-11T23:55:07+02:00,,635
636,FR4000604600660R466319V3737,MEICCNN3,2015-11-24T20:13:05+01:00,,636
637,FR1700228093880R982F0844504,TMDZFOC6,2004-06-27T02:01:13+02:00,,637
638,FR7943005830183S9X5LH225822,KLWXAU08,2015-04-05T02:38:37+02:00,,638
639,FR334940050062D44CT972RA419,QMJZKHLP,2007-06-07T12:51:19+02:00,2023-12-26T16:57:36+01:00,639
640,FR410208066492431646PR63544,IDBMNUUK,2007-01-07T00:45:50+01:00,,640
641,FR949533004641A825XG9211C02,ZIHWVE0H,2018-06-18T17:33:49+02:00,,641
642,FR7500605190112S6730DQ5F292,JETBPWT9,2012-03-15T00:00:19+01:00,,642
643,FR50300501049912014H437PH89,MTEVTV85,2006-06-23T03:38:30+02:00,,643
644,FR57510060944345421770A6085,JFVEMQFP,2015-09-04T07:47:26+02:00,,644
645,FR34396008245340N585VO60134,ERXIAFPD,2012-05-31T14:16:14+02:00,,645
646,FR970587620003L69751ND6D315,HIUDLK6F,2016-09-16T09:44:52+02:00,,646
647,FR78618297207169G2172K9R354,NBZRAM9H,2011-09-18T06:17:31+02:00,,647
648,FR94535595169655K29671G8025,PJDYGIH4,2013-01-30T12:34:56+01:00,2023-12-25T03:10:54+01:00,648
649,FR558060010841887X90X178442,GZQTIELK,2013-04-02T00:33:09+02:00,,649
650,FR028086037419I9533410L5595,SNWWKH0W,2023-04-14T13:46:53+02:00,,650
651,FR3366001080015048ZTX614A27,YCXPEGZA,2010-04-08T04:36:54+02:00,2024-01-04T05:21:59+01:00,651
652,FR211303180452Z019486261622,RBDOYE76,2018-06-17T05:41:36+02:00,,652
653,FR02708008000305V7H31800224,FZPELC6C,2016-04-13T06:00:40+02:00,,653
654,FR2100724239322570636IZC373,JYUESO0M,2014-10-22T22:52:34+02:00,,654
655,FR0530010030031965123691013,WKIRADO2,2013-03-04T07:36:52+01:00,,655
656,FR799800567006967X610114Y15,EXMFAESJ,2015-04-24T12:23:37+02:00,,656
657,FR83007601748025450R69M7710,PPNDDM41,2013-07-15T18:25:25+02:00,,657
658,FR7760840027161414E57701726,HHMVGL7X,2014-07-31T17:51:29+02:00,,658
659,FR10292664008776NPL19V06709,MHITKZ1Q,2018-05-12T07:45:51+02:00,,659
660,FR268900214876U948010986813,EHGMDKYV,2017-12-22T09:35:35+01:00,,660
661,FR729653619350Q2937D0867419,OJWTOMBG,2012-08-29T18:15:18+02:00,,661
662,FR9000100324082838G64V61081,CXFHMF52,2020-03-31T06:32:14+02:00,,662
663,FR82164059001495P5658124Q41,PWNFUSG0,2016-11-06T06:37:52+01:00,,663
664,FR78100088078541Z8279857Y88,EJTXNRQS,2019-08-10T06:12:02+02:00,,664
665,FR628353700298GC42186L32519,GNPAFKSR,2013-06-03T20:02:13+02:00,,665
666,FR250501901131310D33X67XJ22,TVWYIEFX,2005-03-04T00:25:53+01:00,,666
667,FR27020075100527417G7709368,ZLBDIRGE,2012-10-03T13:57:16+02:00,2023-12-17T19:56:03+01:00,667
668,FR0200125078136E9238AR27377,YVBRBJ6T,2020-02-13T03:57:57+01:00,,668
669,FR5330509088361343920911A32,DAEWLIFX,2020-10-27T03:49:22+01:00,,669
670,FR7860092700381552J9690M360,HCWZNCR2,2009-11-21T14:11:22+01:00,2023-12-27T11:56:49+01:00,670
671,FR79290018700490107O70N0062,DVGDBOZD,2009-07-25T07:31:43+02:00,,671
672,FR68370558880634030Q3871661,DZMUCLMA,2022-01-04T01:22:11+01:00,,672
673,FR4500400310053974566ZQ6918,WGOUGNG1,2016-07-21T12:08:59+02:00,,673
674,FR57503030755820X4P1302L798,SKZNGMB7,2007-05-26T11:31:26+02:00,,674
675,FR7621085002549681790VO4026,XJVQREC7,2016-02-27T02:04:49+01:00,,675
676,FR09892634606839Z710KL6H360,CNSWTO4Q,2013-06-28T04:48:23+02:00,,676
677,FR7800009118233348720259779,JMFKBY78,2010-07-18T04:06:57+02:00,,677
678,FR965080800347ND40284338633,OFSDDMIG,2005-11-19T02:18:36+01:00,,678
679,FR430092046262U572864446710,VDIBCX9G,2013-06-02T16:13:54+02:00,,679
680,FR24700440035824A006T21M309,BCZIPGSK,2006-12-07T22:12:33+01:00,,680
681,FR82700372097768307P0143216,SLOFITYE,2022-07-27T00:51:55+02:00,,681
682,FR3087335884356327852659604,XXZGTZDD,2013-01-19T20:50:56+01:00,,682
683,FR78044708023022268A5Z46461,JESZDM1T,2019-05-20T17:59:26+02:00,,683
684,FR2591102809055879Y58280618,OTRZAF9Q,2012-10-17T04:41:14+02:00,,684
685,FR343460010057M997282209279,QFBYAXXF,2018-06-14T15:44:43+02:00,,685
686,FR382722290915734553N401285,XBCENRJK,2004-09-13T14:57:04+02:00,,686
687,FR1204506409272682Y7V183366,HXOBGWEM,2005-10-15T15:37:16+02:00,,687
688,FR075883508899528401IRS9463,CRUOVIVK,2014-09-20T19:39:10+02:00,,688
689,FR270605139603183545A706600,PGWCAM7K,2015-08-19T23:46:07+02:00,,689
690,FR71310030804581F4059879745,FVAKYEQP,2009-03-27T19:54:39+01:00,,690
691,FR520110036115E602739CD2Y26,GNSBDO5J,2011-07-28T02:42:42+02:00,,691
692,FR04400132006933554606X8K37,HVFWMOHX,2023-01-07T05:19:15+01:00,,692
693,FR44635870073054865T1H67518,AJZDNGN4,2011-05-01T17:39:21+02:00,,693
694,FR5517320237947606178600071,JRCWSDFO,2020-03-29T21:50:01+02:00,,694
695,FR8600176680046877439268970,MGWDBWO3,2010-03-24T19:51:57+01:00,,695
696,FR76803981008889206TQ703930,FQUGHRSV,2006-03-14T08:00:50+01:00,,696
697,FR306680800633G4H6458288961,BXJGXKTT,2017-08-13T09:59:53+02:00,,697
698,FR490838094907532278F445M97,ZKEPLRC6,2005-04-15T07:30:17+02:00,,698
699,FR19010901607239U4392438R95,SOWBGT5P,2006-01-25T01:14:45+01:00,,699
700,FR481700789993F17S29Z06E819,SGELJPWS,2010-01-22T15:56:29+01:00,,700
701,FR21807510032998H8368G2T961,PCNBSB33,2020-10-03T02:08:21+02:00,,701
702,FR982694057005240N941669Q37,CPJKBMD6,2018-12-28T08:02:08+01:00,,702
703,FR0200280640252265750Y9P010,JOZWTWAZ,2021-07-31T08:13:41+02:00,2023-12-18T07:01:35+01:00,703
704,FR4447079856345Y47L06777U82,JLHWILCC,2021-12-17T08:04:46+01:00,,704
705,FR439168364092E3B047D67O216,SZDRKIFU,2012-03-31T14:01:15+02:00,,705
706,FR604202600766K2K6435820560,IPZLSR6L,2021-08-20T16:25:35+02:00,,706
707,FR28343008300675H82182C6K42,IMEDMLEU,2022-03-27T01:16:25+01:00,,707
708,FR780937875645P5588134R3353,RWMVAF7Y,2004-10-06T10:56:25+02:00,,708
709,FR7704342796717975Y6PYWX319,TOKBGLIW,2007-07-28T21:51:11+02:00,,709
710,FR334400571969S5Y6442X83589,ZEWQCGM2,2015-07-28T17:04:54+02:00,,710
711,FR8487050004523835552346A18,SMBBPS7C,2005-04-15T07:40:10+02:00,,711
712,FR3201866010769333091610R85,XBAVBSS0,2015-01-18T00:38:56+01:00,,712
713,FR454003097389H837R9RI12646,JLRQTZZX,2017-07-27T21:45:24+02:00,,713
714,FR48415200871858V0E545D0609,LYFMGTJJ,2004-03-25T13:43:21+01:00,,714
715,FR0601750335223F778369D9J13,KBERBANQ,2015-10-04T06:10:17+02:00,,715
716,FR488014007349049I415857M60,WPHNSI2X,2006-03-02T19:50:29+01:00,,716
717,FR616001884165G493561977944,AXKRSYBY,2011-08-10T16:51:34+02:00,,717
718,FR4702027012167X959B8937695,AHDYGIU2,2013-09-10T01:39:56+02:00,,718
719,FR8404007500271383532681814,ADKNHNIQ,2011-07-29T14:57:04+02:00,,719
720,FR7000259080431J63022168077,EYKPFOM1,2023-08-18T16:18:08+02:00,,720
721,FR198708120008816X99206LD80,KCCJSDIT,2015-03-16T17:38:21+01:00,,721
722,FR815379087696O02B26L9O0313,PSDQNZ4A,2020-11-14T22:39:54+01:00,,722
723,FR23090687500919969P4203036,NLTPPYAZ,2023-10-08T17:06:39+02:00,,723
724,FR7930079085161985P5R782613,YEHUCVCO,2006-09-29T21:14:03+02:00,,724
725,FR62509404065200O23740U7961,VLXCGFKQ,2010-03-30T13:30:22+02:00,,725
726,FR235606803733469C904427556,YYONNE4G,2013-04-02T08:47:06+02:00,,726
727,FR1563620874994IA3405541234,SQDFSJ7M,2004-03-16T00:02:28+01:00,,727
728,FR310090060402C99V115559365,DYTUNR5C,2023-02-27T10:50:32+01:00,,728
729,FR83700300405297423464DD641,VMKMLT12,2010-09-08T08:51:04+02:00,,729
730,FR97200701662138W2719099087,GKHXNCMM,2013-07-16T09:06:12+02:00,,730
731,FR9787768001868C12Y8Y5M7635,NZOZMXJO,2021-02-26T16:35:34+01:00,,731
732,FR2073007023452626419860281,WDFQCHVD,2022-10-02T18:38:20+02:00,,732
733,FR42205820068778475Z8U28E29,BIVKJO70,2023-08-05T10:55:15+02:00,,733
734,FR340080032974P557475L6O694,DKAJJMCX,2007-11-21T01:05:57+01:00,,734
735,FR5107150300732983X61126W50,VFUKHMZ6,2014-08-10T12:43:22+02:00,,735
736,FR20005048700409R9D58039972,PIBFUG0Z,2020-12-14T22:52:24+01:00,,736
737,FR8071260076037JV65169PM068,PEAITDSC,2011-09-21T06:21:23+02:00,,737
738,FR1600257800092022P6NS86M49,WRDKPRTA,2014-10-17T22:34:53+02:00,,738
739,FR620019839605750344B561540,WMDVCNH5,2010-01-02T00:46:42+01:00,,739
740,FR9400512600371M19W98Z35J99,RTDHAZSK,2009-09-23T22:29:06+02:00,,740
741,FR0730086002753119178928076,NXDJMQHW,2021-12-10T06:25:42+01:00,,741
742,FR1313548608588249558374643,ZXVRAM4A,2020-12-15T10:16:51+01:00,,742
743,FR7517720007166X140V0775O67,UJCCGQRE,2009-11-04T02:31:09+01:00,,743
744,FR6273004142920N293Z2747540,WCXOSGLF,2004-12-25T07:28:32+01:00,,744
745,FR3807540690090495152307063,QIXBFR8K,2013-09-23T04:26:45+02:00,,745
746,FR200194009033352U67Q08GL95,YUIFUSN1,2021-08-05T03:11:20+02:00,,746
747,FR4823278005907E45M48605230,EYYOTZ17,2013-05-06T18:59:15+02:00,,747
748,FR880942060076676805V7T3554,RZKNTFDU,2018-12-17T11:25:58+01:00,,748
749,FR070980747802HM7011A50N347,YXYRPW4W,2014-08-13T23:59:53+02:00,,749
750,FR3680769208717929469516R72,TVHCCUJN,2023-04-22T00:54:33+02:00,,750
751,FR1470270027117I54310186N95,QBIGAM8Y,2008-03-11T06:25:36+01:00,2023-12-15T08:02:20+01:00,751
752,FR09005000873869R9463575326,METLZWDF,2009-10-11T01:30:04+02:00,,752
753,FR1500330100550692J40876002,ZUXSGHWQ,2010-01-07T23:04:53+01:00,,753
754,FR2400711003747983D94LH0P76,PIAAKIZ0,2006-08-07T19:50:39+02:00,,754
755,FR93060051262037480V4377644,MJSNTT6Y,2020-12-18T06:13:12+01:00,,755
756,FR9000200772193606505520724,FGYWCVAK,2011-04-28T18:56:10+02:00,,756
757,FR75062871237910YP480847414,YYHISZ6Z,2018-06-15T09:46:25+02:00,,757
758,FR6213400860332521Z493M4788,MKLTBHWO,2017-01-29T01:23:38+01:00,,758
759,FR0710090077053738C09319102,PQUXGYRD,2006-11-02T14:47:00+01:00,,759
760,FR37005242101763543007U9443,QMWMKWLA,2017-03-15T03:15:23+01:00,,760
761,FR10223520720296833O1FC9690,FOIXTW9I,2006-12-10T20:14:43+01:00,,761
762,FR26500200900186E4340T50X80,LSDLPMKS,2014-06-06T19:46:01+02:00,,762
763,FR08508820007594209T90H7297,LEGVPGDM,2005-11-26T00:32:20+01:00,2023-12-17T09:50:41+01:00,763
764,FR0975206850319303783617315,MIBALTLR,2006-10-15T16:58:25+02:00,,764
765,FR750905005176K9979VZ7J8569,HWICSS6T,2010-04-09T11:41:55+02:00,,765
766,FR38550400366938Y75P8297242,IVARGDZ8,2021-07-24T07:44:07+02:00,,766
767,FR6686405004320188O7S628X57,JIMEBMB8,2014-01-19T16:21:49+01:00,,767
768,FR69178055854273872QD36L997,BQGHLT57,2023-08-28T08:13:03+02:00,,768
769,FR41083187600268545MB303381,OGHJBHTD,2013-03-14T04:01:07+01:00,,769
770,FR447699240045Y24D704162467,MCSMTHNW,2019-09-01T02:25:37+02:00,,770
771,FR9829002092240HMW036948242,MORROMHQ,2013-11-01T10:02:40+01:00,,771
772,FR3206009130061192287974056,OSGNTZYM,2020-07-24T18:26:37+02:00,,772
773,FR2830088295667510B9QQB8661,XGWWMEUO,2014-05-22T19:00:28+02:00,,773
774,FR8420528030285847634617828,IGJVTLZW,2007-01-28T11:52:30+01:00,,774
775,FR5000746880108367102017N30,EYMXREAC,2022-09-25T08:17:57+02:00,,775
776,FR79495075300232753165P1399,DDMYPMOL,2018-12-21T15:51:39+01:00,,776
777,FR7400168730600700U3560MS08,CYQYQAPA,2009-05-31T05:08:20+02:00,,777
778,FR690970205378902318788B764,YEPTGYQ1,2011-10-06T21:21:30+02:00,,778
779,FR50538730032889128G2362306,KOCPPMY7,2020-02-23T08:52:59+01:00,,779
780,FR7302300811485D75431852840,MTAIHRM2,2022-07-07T17:53:10+02:00,,780
781,FR6034008626834G52NI0R30U45,FMAQBAI6,2021-07-17T22:29:15+02:00,,781
782,FR0400700300645Q920789MB880,KXBYIEL2,2014-11-04T22:01:23+01:00,,782
783,FR95200770367945689A55E3226,FVVHGPSN,2011-05-24T10:04:00+02:00,,783
784,FR120094388671975T556LI4335,IXYPNEQW,2018-05-03T13:07:31+02:00,,784
785,FR6956304100759A5439E078221,BSJALSGK,2005-08-08T14:38:48+02:00,,785
786,FR059007927885N749147580Y45,SINOCVJ6,2014-05-13T02:44:26+02:00,,786
787,FR5953476800199643277O10073,SPTWETTA,2022-12-13T19:12:30+01:00,,787
788,FR2246004005825F12844731N11,SKKGLU4U,2006-09-08T01:52:55+02:00,,788
789,FR7306006570570121281044428,AKCZAM93,2016-02-13T00:38:36+01:00,2023-12-18T17:53:34+01:00,789
790,FR6735079600431CA14378L4575,NXTMERFC,2006-06-19T15:00:06+02:00,,790
791,FR900540029285D31604THY3990,IXYDMDTM,2016-10-03T05:41:01+02:00,,791
792,FR711500268987321963K33V931,NPOZPLFU,2009-08-31T15:37:48+02:00,2023-12-16T11:15:45+01:00,792
793,FR032957080394U5702N8309539,HNPYHR65,2008-10-28T06:18:22+01:00,,793
794,FR570370068001014374O570377,NPDSMHU6,2022-05-08T09:37:13+02:00,,794
795,FR4768087007548E60093564807,IINKGP4C,2021-03-05T13:19:27+01:00,2023-12-17T23:57:35+01:00,795
796,FR030307613361J594466911548,DZMTDOSN,2016-11-05T19:58:27+01:00,,796
797,FR790000280858Y31545798B264,ZQTHIEW7,2006-12-01T22:23:46+01:00,,797
798,FR5930074009770825TZ8365065,JDAMSVVL,2013-12-06T18:24:58+01:00,,798
799,FR6271320005888A409060H7744,HCJSKR25,2004-06-28T07:00:16+02:00,2023-12-22T09:45:07+01:00,799
800,FR230060030082742861779J993,BEMPCN82,2009-08-10T16:13:29+02:00,,800
801,FR453004404804Z67HO2148J264,GFMDNLY5,2022-06-06T10:46:57+02:00,,801
802,FR0904600353204953103101286,SCGZSMJK,2005-07-12T04:32:59+02:00,,802
803,FR0940044006740372979291185,JQJZBHCK,2015-09-19T11:15:31+02:00,,803
804,FR5300401410568487ODS539799,GOFRTGBR,2019-02-11T01:21:25+01:00,,804
805,FR867731009340GD0024H961804,RURBDZ63,2019-02-28T06:49:57+01:00,,805
806,FR0203009408994038313S8O515,LZYMMGY7,2013-08-13T16:18:07+02:00,,806
807,FR896024890133R6674U4H99V62,FHNKSZ2S,2009-10-02T04:24:17+02:00,2024-01-01T10:44:02+01:00,807
808,FR9401605002881ES265MJ05888,HKBBDMQN,2017-01-30T04:01:54+01:00,,808
809,FR730560087814370D41P6U0620,ZMANLRG6,2008-10-14T04:30:13+02:00,,809
810,FR3680832095972C74021850841,TDRLERIB,2023-09-18T21:29:15+02:00,,810
811,FR77029660343983N768W1O3809,WRWNMOUX,2019-07-29T19:47:17+02:00,,811
812,FR766920004002A909H253E5579,HSTJLT9D,2019-08-11T21:00:06+02:00,,812
813,FR24967801082721285I5BO9218,SNMOKR22,2022-05-28T16:55:57+02:00,,813
814,FR9010050680983036686N5D460,VEADSNUV,2008-03-10T22:23:58+01:00,2023-12-29T02:51:47+01:00,814
815,FR619720005322U5843053K8M41,XRPWZMJE,2016-05-07T16:43:16+02:00,,815
816,FR1050880701331524X7P2GZ198,LABMLK6B,2019-01-08T11:13:11+01:00,,816
817,FR350026460073142Z1950S9676,EABFIDNE,2015-08-04T14:51:04+02:00,2023-12-12T13:05:46+01:00,817
818,FR922603424456HI5Q89777J876,YRABKHM9,2020-09-23T22:08:12+02:00,,818
819,FR4480005002850N3O59IW98426,NNIQNLJC,2018-12-25T03:04:34+01:00,2023-12-26T15:58:51+01:00,819
820,FR18382149314493Z70349O3642,KXPGYTOH,2006-10-02T16:06:38+02:00,,820
821,FR715960205895NB0477437KC75,PZTZCVI2,2006-11-01T00:50:12+01:00,,821
822,FR85604070979286834C3E02692,TKMQSZ62,2005-01-11T07:05:29+01:00,,822
823,FR3590208938833430954212589,SLRRECLY,2020-07-08T02:56:04+02:00,,823
824,FR6736048700581D881X791K784,VUGSKE4G,2009-10-10T00:16:01+02:00,,824
825,FR94060097266416UOA36458961,QIRKSI96,2017-12-28T19:15:18+01:00,,825
826,FR221950090091456T866569273,IOJKLBXT,2015-07-17T18:54:13+02:00,,826
827,FR6339170316197759201E77V54,DINAST4V,2022-10-15T02:11:02+02:00,,827
828,FR750011917697202WEGI140782,PYNTKM78,2008-05-22T15:17:06+02:00,,828
829,FR780002090050F15L409026433,XIUSDM6M,2008-07-25T21:15:16+02:00,,829
830,FR972005501709L931FW0636473,GKNEMF21,2016-08-15T21:25:10+02:00,,830
831,FR92209005600952514752E0650,JWIZSAVA,2006-07-30T17:21:21+02:00,,831
832,FR3109673394137D882I8442C24,JWGZCZMB,2015-11-09T00:01:13+01:00,,832
833,FR810050270016D0801B416V306,VPYFLS5W,2014-01-18T10:19:54+01:00,,833
834,FR057660800656X011W48992374,TKIGECRN,2015-01-02T17:45:48+01:00,,834
835,FR1831476206946Z05BA0551085,RPCDSN2O,2015-03-18T05:03:36+01:00,,835
836,FR8208183030901075386356251,IVZSPLLT,2015-07-18T08:59:02+02:00,,836
837,FR02029520042622R451913NG56,WYXJVNF7,2011-09-10T17:39:41+02:00,,837
838,FR357953612153V732841834B40,QLQOYE01,2009-01-27T01:56:10+01:00,,838
839,FR130019400195TY32934130833,ANOQGPII,2022-02-01T00:54:37+01:00,,839
840,FR132045230101998ZR38E22349,ITRWKHHP,2006-12-17T15:02:17+01:00,,840
841,FR810051492280236E8570XX393,KHZTALE0,2010-02-12T12:33:59+01:00,,841
842,FR2200591343947G3648V7L9400,VDNOLY5B,2020-02-23T01:20:00+01:00,,842
843,FR3241049450728N8659R293471,IWRTGR77,2015-07-01T02:29:17+02:00,,843
844,FR792275062089V365P0TV79916,CJGMGQPX,2022-01-05T18:49:50+01:00,,844
845,FR410086053924HF43715A98H09,DUAIPHWJ,2006-05-31T03:08:07+02:00,2023-12-16T12:40:46+01:00,845
846,FR043925655284968QR3066RD88,MUETFJHK,2009-04-05T13:32:02+02:00,,846
847,FR5430218495907W79928635432,SBMPSEO2,2018-06-23T02:34:45+02:00,,847
848,FR43500567661372398399I7213,HKAICGI9,2014-02-25T12:36:36+01:00,,848
849,FR3203712601203383238975176,SKOHMWWV,2007-05-15T16:46:39+02:00,,849
850,FR22960050811182B866A344235,XINVTVOL,2009-02-17T21:54:38+01:00,,850
851,FR3682443890695162041850546,CGFRZA5M,2010-05-05T16:23:56+02:00,,851
852,FR1840481800196397388Y59016,DMEYMEVB,2006-01-13T20:19:39+01:00,,852
853,FR6301101480615250P75F06443,BDTLKWO6,2022-08-20T05:37:07+02:00,,853
854,FR080002306946J6G8H539HR258,MYSIPG7C,2011-05-03T06:10:23+02:00,2024-01-01T19:59:18+01:00,854
855,FR068045182914285IX19713948,KCNDGBZX,2006-12-08T04:45:37+01:00,,855
856,FR2317809780655615577844187,TFRYGHIS,2013-06-14T10:20:10+02:00,,856
857,FR2304820042819180584M3GW09,MDVWGA7I,2022-08-03T10:20:02+02:00,,857
858,FR921080508038441EX3M800M28,ZVEHHMFU,2023-06-30T19:50:38+02:00,,858
859,FR7400627601438EGT163175Q18,WEFJROG1,2013-08-05T05:22:47+02:00,,859
860,FR66500242018277UC32155XH77,XFBGSMKL,2015-02-17T06:26:23+01:00,,860
861,FR9519107940376463M7V39R734,CLVQCDGL,2009-09-24T00:34:20+02:00,,861
862,FR665490075495W122022B71672,GOWSREZQ,2005-01-31T04:30:32+01:00,,862
863,FR68003360016229568D1M15326,SZUGINBT,2004-05-17T01:59:59+02:00,,863
864,FR1470056608835417591631002,ZJUGPWZ7,2014-04-04T12:53:42+02:00,,864
865,FR510002505231916FZ28Q84605,JATWKYUE,2021-07-14T18:16:15+02:00,2024-01-06T23:00:55+01:00,865
866,FR5600741946384723492949887,HMMMEG5E,2021-06-08T19:03:42+02:00,,866
867,FR34006005505523891P4348926,IYTNAQ9X,2011-05-04T07:14:36+02:00,,867
868,FR0507702080915Z6RCS4987417,GCCTRU8A,2021-06-03T03:17:59+02:00,,868
869,FR8670080034039960072LP8742,MTSNTZGU,2023-09-27T18:56:55+02:00,,869
870,FR925088421311055O9970P7022,FZNLGPPA,2008-05-14T23:49:55+02:00,,870
871,FR093280936796Z641022850W49,LGQFIENG,2014-04-12T21:47:38+02:00,,871
872,FR7989066377848581268544542,PSMABVBB,2005-12-10T12:02:58+01:00,2023-12-30T07:33:16+01:00,872
873,FR266309644582C333277E34454,YJOFPFDX,2017-06-24T15:04:59+02:00,,873
874,FR60009500109771H6478114S25,WILYTLZ3,2012-11-22T12:36:52+01:00,,874
875,FR4138201820016022033FF3B43,JWHFMNTM,2008-05-08T12:06:55+02:00,,875
876,FR560200550312W4684W4Y86070,FTBLNR00,2008-08-23T14:42:39+02:00,2023-12-27T13:36:04+01:00,876
877,FR92536104657419256808TE999,BGHDADO6,2020-04-08T20:05:21+02:00,,877
878,FR59812801799914P2477085300,BJDFIS7N,2019-03-19T19:43:22+01:00,,878
879,FR294764476009Q8088Y8443015,SGMHSOI7,2013-12-12T00:09:26+01:00,,879
880,FR494009610650639107UQ50094,DCVVMCIJ,2011-02-13T14:47:04+01:00,2024-01-08T06:39:45+01:00,880
881,FR344069027389136672382M197,HWFSUGKY,2015-03-23T15:48:22+01:00,,881
882,FR300537300420398860920JI09,LXRYIDO0,2011-11-16T10:48:49+01:00,,882
883,FR510292020066725486235UO14,TOBOVGCD,2011-05-27T01:56:09+02:00,,883
884,FR9200263301291676Y86624363,YCYPMEV8,2006-09-15T08:51:30+02:00,,884
885,FR808367080241A74382PZ9Y162,AASGEGM7,2006-01-30T00:05:00+01:00,2024-01-08T14:54:23+01:00,885
886,FR28370060024758241K365Z053,GRSPEG37,2022-09-14T05:28:56+02:00,2023-12-29T23:52:19+01:00,886
887,FR12002208067870637S4239698,UNCQNPDZ,2013-09-25T13:05:55+02:00,,887
888,FR674675056655872Y987738Y90,TLDKCCNA,2016-07-07T14:23:18+02:00,,888
889,FR6000862050168XP8V9A510721,PJBVFJJD,2013-08-04T13:46:51+02:00,,889
890,FR64410440095178271K92G6839,OVQJNIEE,2015-03-03T18:01:19+01:00,,890
891,FR519958810413679151A606504,KSSBDJCG,2021-11-03T07:59:04+01:00,,891
892,FR659000730841283S7SDF56K59,QRXMJPTG,2011-07-11T09:23:25+02:00,2024-01-08T20:55:26+01:00,892
893,FR0900700924826782292453024,ARUXKZXE,2011-11-21T11:32:08+01:00,,893
894,FR290700084013700341T2F8881,DSTMMVLO,2007-11-08T04:36:18+01:00,2023-12-27T14:09:50+01:00,894
895,FR0810935044161A814542B8790,XDHGVEP4,2011-03-02T03:30:20+01:00,,895
896,FR1500793500689551692537R99,PSSBSHKG,2007-05-13T22:53:02+02:00,,896
897,FR9410096300160251267UF5437,CEOIRSWO,2006-07-08T10:28:57+02:00,,897
898,FR730304288610159Z9910Y3K45,VHAPVE4S,2004-03-31T04:28:20+02:00,,898
899,FR040012651049UUB057311TF88,OUQHVN27,2009-03-27T20:08:13+01:00,,899
900,FR7802720520014528J5117U812,KJJKCGQW,2010-11-01T07:27:41+01:00,,900
901,FR738006301394393G967T54518,UTSGGU6F,2016-05-06T05:22:49+02:00,,901
902,FR7244080049992425470E39F54,BUBJJM2R,2007-09-10T18:49:11+02:00,,902
903,FR6570453227460E7J26199Z341,KIQGHMS1,2008-01-10T20:23:04+01:00,,903
904,FR53828301069478124L6Y46722,XNGJCRMV,2023-12-28T10:16:42+01:00,,904
905,FR663003002987555W1I1554962,YYFZESG1,2010-04-30T03:13:10+02:00,,905
906,FR7200105403138575R93646361,ZQTNVCRQ,2016-12-06T03:49:11+01:00,,906
907,FR916102519950257WD12259494,HGYXCWK5,2010-12-17T10:28:18+01:00,,907
908,FR6660069429177102347269U42,TMDASRBO,2017-06-07T12:55:50+02:00,,908
909,FR6080067706594919RE47D6908,VQXSTWG5,2013-05-28T09:00:42+02:00,,909
910,FR5510926291741H018R883N085,ETACYEX3,2017-09-11T02:57:31+02:00,,910
911,FR510058030185430X981G74303,JONKNIV5,2011-10-19T20:45:16+02:00,,911
912,FR552003850551I0289SD89T891,PZHMFJAA,2021-12-20T20:25:13+01:00,,912
913,FR98806185002113OW780292304,MWGCECT5,2004-10-22T06:10:15+02:00,,913
914,FR719568500490P988E52551Q93,VLFSCWNO,2009-03-03T00:21:33+01:00,,914
915,FR4400839004271930127764482,QVWBSOHI,2023-07-12T14:46:42+02:00,,915
916,FR512800700222M163509432498,ZRBHINQG,2020-10-17T05:39:37+02:00,2023-12-27T19:04:18+01:00,916
917,FR300793440839010818714UJ65,FICQBB2K,2018-07-30T12:04:58+02:00,,917
918,FR8000203681981305G5363S070,BBWOKIJN,2009-12-24T14:41:09+01:00,,918
919,FR8406242534587114629020852,OHPPMDEP,2015-12-13T00:15:38+01:00,,919
920,FR2085900928593WZOZ36I05749,QZNTFJTR,2014-02-14T01:06:28+01:00,,920
921,FR541056800424831X274962591,WJMXGBVP,2020-05-31T04:36:28+02:00,,921
922,FR3978469085326V9563791E158,GBJMFI5E,2021-10-03T20:39:52+02:00,,922
923,FR9321646702893745018K55816,OGKMLI49,2014-09-13T09:35:35+02:00,,923
924,FR1160737258727P838N2900090,LYNNGHPC,2007-05-19T14:39:25+02:00,2023-12-20T07:49:30+01:00,924
925,FR12020003409746O71N0621S30,LNHNGYVF,2013-07-11T00:40:41+02:00,2024-01-03T03:07:39+01:00,925
926,FR660117300877220825P188750,PMODLYWM,2022-12-14T07:36:05+01:00,2023-12-19T10:55:27+01:00,926
927,FR572045108004P5116627QE702,BCWNPYV5,2021-03-26T11:27:45+01:00,,927
928,FR1346897710066407EV3C87H24,IAOUGUBC,2015-05-06T09:19:43+02:00,,928
929,FR05007500428489966G441X566,AQOSBV7W,2011-10-13T04:37:46+02:00,,929
930,FR1103002840215921919315784,GUMOZMKR,2013-09-28T12:18:33+02:00,,930
931,FR599730500431D1S41M2123D22,STDGAIXI,2017-09-01T09:00:35+02:00,,931
932,FR85103003213292621A764C808,EKQGWSY3,2013-10-27T19:42:07+01:00,,932
933,FR7200510307766337C86422967,EFLYGNN0,2014-03-31T09:56:17+02:00,,933
934,FR271012010525O45TY98255529,IWILMAL3,2023-04-25T00:01:40+02:00,,934
935,FR71200635078678P0383T50E69,PQCRPYGF,2014-07-07T03:39:27+02:00,,935
936,FR527328112007103GE286SS243,UIYGKP9V,2007-11-15T16:17:21+01:00,,936
937,FR807055034058K62YI71QR7X58,HQVGAORU,2015-06-12T08:35:12+02:00,,937
938,FR24900740200101497XK318874,AJXRCNX2,2005-01-24T06:35:06+01:00,,938
939,FR5088105150058816A95F2X563,VQDJGPR8,2010-04-17T02:15:55+02:00,,939
940,FR790025294329K692M99ZKU561,EZECBDOC,2024-01-09T13:48:11+01:00,,940
941,FR944978009227HT534NF645589,SBGRKHHE,2008-06-13T00:08:04+02:00,,941
942,FR3548310500595X39R30167326,LNATMD57,2013-09-15T10:08:00+02:00,,942
943,FR037680410013692793E471058,HXTOKEKB,2022-10-21T14:16:33+02:00,2023-12-30T08:38:04+01:00,943
944,FR756001329965558956H8B5450,CWJBASJ4,2020-04-07T22:07:57+02:00,,944
945,FR86389005005041T53547X5828,BQWICG2N,2006-08-04T16:03:57+02:00,,945
946,FR580089088003I599V090S5125,GRITCIFE,2014-08-22T20:02:33+02:00,,946
947,FR440300100461B173069655098,MROHNUH2,2012-11-06T13:02:47+01:00,,947
948,FR05003882917743P757642G365,AMFJGNWO,2022-04-02T18:07:29+02:00,,948
949,FR28002789100256674P9678S42,HKMVCF9M,2018-12-09T05:26:46+01:00,,949
950,FR977509553490U984575297616,SFFCMYK1,2007-01-24T23:40:37+01:00,,950
951,FR1358308403144029131500014,GCTRCIM3,2018-10-19T17:17:56+02:00,,951
952,FR455007005093Q8SA566319230,TEFFGQSL,2010-03-11T00:24:50+01:00,,952
953,FR5440300200610532J68659066,SVPSBDVS,2019-03-21T14:55:26+01:00,,953
954,FR7509154050017I8POO2737408,IIYVGFU0,2012-01-24T14:46:56+01:00,,954
955,FR20802614457820Q6259977405,VFBEBLUU,2022-12-19T06:52:28+01:00,,955
956,FR90070043653518X8U1292HP83,KTTOMFX9,2005-03-03T05:03:57+01:00,,956
957,FR4764200460371954729606180,MZMZMALS,2010-04-10T02:50:59+02:00,,957
958,FR865266839023891334471K271,OFUVIRKA,2014-11-22T04:10:47+01:00,,958
959,FR35506570368709491L1I93449,MIGXLTL5,2004-05-12T23:27:47+02:00,,959
960,FR246640906139ZS28029400902,WLORGFAG,2013-06-21T03:11:12+02:00,,960
961,FR920903790089143WC6640X093,JPTEATK8,2004-07-30T23:47:57+02:00,,961
962,FR080051302701308723U416027,BBPNIR69,2015-01-06T06:00:13+01:00,,962
963,FR560340012097X8402YS408802,CJIMBEWZ,2022-07-11T22:04:42+02:00,,963
964,FR93604793000599003Y0259W62,DTXQCI2F,2012-08-29T19:28:49+02:00,,964
965,FR179005859380X415123277Y05,BODYBDVC,2007-12-08T05:42:41+01:00,,965
966,FR6342017035130XZ5731937089,HGSMPWBI,2007-08-23T16:23:19+02:00,,966
967,FR6970060060087M6B712525X56,MTBDBFD5,2012-07-14T10:18:13+02:00,,967
968,FR20006002986444DG849402260,XDUCSTN0,2009-10-18T08:20:08+02:00,,968
969,FR1307450800815S244984F3980,MPJNBEH8,2019-09-12T06:30:09+02:00,,969
970,FR5732590066400244755T15629,AEBYCG52,2012-08-12T10:23:35+02:00,,970
971,FR524710033490E8162887WL842,JYTGTDTL,2009-05-16T05:22:29+02:00,,971
972,FR8202708083098194586B65159,JCASID9L,2006-09-17T03:17:56+02:00,,972
973,FR592511998085O81077F256027,OPABUZH3,2007-05-16T01:26:48+02:00,,973
974,FR108006290039RRVH3F47P2366,DKJYLRZT,2023-06-28T02:05:56+02:00,,974
975,FR95080106100498718398W1808,GRLSDK21,2019-02-26T23:11:59+01:00,,975
976,FR32583680563410V8978144482,JWFCHU0K,2007-12-15T22:52:07+01:00,2023-12-26T05:52:40+01:00,976
977,FR6780078021873U28153K90260,SLEDASL6,2022-09-21T10:35:57+02:00,,977
978,FR5648002290609310730122155,NZMNNAZX,2023-09-29T16:23:35+02:00,,978
979,FR663065422010C145P26425763,IBIPNL21,2010-12-06T00:01:08+01:00,,979
980,FR962940090108324865C199246,TAYEPGD8,2015-05-07T03:20:58+02:00,2023-12-15T06:22:30+01:00,980
981,FR36500018704591A2547604W87,NMCAMVRM,2004-11-03T18:05:10+01:00,2024-01-06T07:20:28+01:00,981
982,FR6751006040369IY7180078A53,CFKECXSX,2009-12-26T05:32:12+01:00,,982
983,FR0603063020044Y9399CY32406,YLJZPWMN,2005-12-25T16:29:26+01:00,,983
984,FR325021890067690B3DM820671,VJHSGP4I,2011-05-30T00:25:51+02:00,2024-01-08T08:34:00+01:00,984
985,FR81900200406566M0541145943,JNIFBHX9,2021-04-10T07:12:56+02:00,2023-12-13T05:15:18+01:00,985
986,FR201007900907935327O13T677,LWVNKYYU,2018-04-13T15:06:47+02:00,,986
987,FR06709939369967W5812821016,APLQLTPJ,2022-11-29T06:06:28+01:00,,987
988,FR89562072420137F5MU8EK5378,VDUJIRPQ,2016-07-01T01:43:09+02:00,,988
989,FR824001650032027467F445F89,SBJMUGBV,2018-05-05T16:21:56+02:00,,989
990,FR7367183212700025O64027643,UVQYFI59,2023-05-03T09:49:31+02:00,,990
991,FR0704900481569R51211913023,UYDFCR55,2020-09-19T06:45:53+02:00,,991
992,FR5704500607588H876U8866531,JULIDOTD,2011-12-05T17:33:32+01:00,,992
993,FR2606004122188757084496N03,QFXNTL1N,2005-02-28T10:23:30+01:00,2024-01-02T14:54:01+01:00,993
994,FR66501928752617IU677614896,ADJTMK2W,2017-05-19T05:01:41+02:00,,994
995,FR73334020052905U2280R01B48,SHHSCN1U,2006-08-11T14:19:14+02:00,,995
996,FR529103002087LJ484F2746137,RUSQSB0H,2014-01-01T06:07:56+01:00,,996
997,FR1000700737801V48574218001,NCENCRDN,2005-10-31T03:41:00+01:00,,997
998,FR22203203163931S9VL607S179,PXKMTFH6,2018-02-04T11:42:33+01:00,,998
999,FR27040040411974566Z6212X89,UZDSBQPE,2013-02-20T05:36:20+01:00,,999
1000,FR63034800690005NBR4B2Q3526,UOTELVOO,2004-04-11T03:18:43+02:00,,1000
