id,issuer,numbers,expiration_date,cvc,account_id
1,mastercard,3411640817915457,2024-07-31T06:34:19+02:00,620,1
2,mastercard,4585522645360395,2024-03-23T03:46:52+01:00,089,2
3,visa,9515129300234628,2026-11-26T10:47:52+01:00,827,3
4,mastercard,2904979035466315,2025-03-14T12:36:37+01:00,283,4
5,mastercard,1715074699626981,2026-08-16T05:22:48+02:00,664,5
6,mastercard,6894686737053746,2026-11-04T16:14:45+01:00,634,6
7,mastercard,9789476948477211,2025-05-13T23:06:55+02:00,494,7
8,mastercard,4582543230263920,2025-12-16T19:57:55+01:00,310,8
9,visa,0500819309451456,2023-10-21T12:15:24+02:00,487,9
10,mastercard,0087015801762455,2025-09-05T20:34:00+02:00,142,10
11,mastercard,9285151223862044,2024-11-16T20:51:41+01:00,333,11
12,mastercard,2311113134544536,2024-09-26T09:07:36+02:00,567,12
13,visa,4739140524764580,2026-03-25T08:30:43+01:00,000,13
14,visa,3410016224435671,2026-03-20T01:36:04+01:00,335,14
15,mastercard,2754474151237113,2025-09-25T01:17:03+02:00,831,15
16,visa,9248344341987746,2025-08-20T06:40:21+02:00,968,16
17,visa,4494575355650140,2025-11-25T01:02:43+01:00,281,17
18,mastercard,5706914208621308,2026-09-01T14:20:05+02:00,440,18
19,mastercard,6061079362959972,2026-05-30T06:41:24+02:00,808,19
20,mastercard,7475341388398074,2025-01-28T10:01:06+01:00,305,20
21,mastercard,3115594000350643,2025-04-16T04:50:11+02:00,964,21
22,mastercard,2132293158571644,2026-08-03T19:20:04+02:00,172,22
23,mastercard,5533943506721618,2026-12-31T08:40:34+01:00,617,23
24,mastercard,0254118288552667,2024-07-02T15:36:34+02:00,552,24
25,visa,2180079768548465,2024-06-22T15:11:45+02:00,358,25
26,mastercard,5036981575709454,2026-08-05T10:15:48+02:00,831,26
27,visa,9343823829952441,2025-10-24T04:42:50+02:00,092,27
28,visa,0856725635657577,2024-05-25T03:43:36+02:00,191,28
29,mastercard,3854240955760858,2024-09-05T14:48:39+02:00,324,29
30,mastercard,2283978259623198,2024-11-25T14:26:44+01:00,795,30
31,mastercard,9251493941538831,2024-02-06T21:01:44+01:00,340,31
32,visa,1065107107519673,2026-04-19T21:44:20+02:00,051,32
33,visa,7448015434366210,2025-08-15T11:12:47+02:00,673,33
34,visa,9908915307973639,2024-09-09T16:01:49+02:00,978,34
35,mastercard,5161947563495031,2026-03-27T07:24:31+01:00,536,35
36,visa,5967178594531646,2024-10-14T16:06:52+02:00,267,36
37,mastercard,6022322287625833,2025-02-03T02:29:25+01:00,927,37
38,visa,8167681022163843,2025-04-09T06:39:09+02:00,603,38
39,visa,9651335172148762,2026-08-24T21:09:02+02:00,006,39
40,mastercard,2683303791547340,2025-11-25T18:33:53+01:00,819,40
41,visa,6347384987427488,2024-11-18T16:25:22+01:00,781,41
42,mastercard,4594299434451102,2026-11-26T23:02:17+01:00,797,42
43,mastercard,0539693222501795,2026-05-21T10:58:18+02:00,057,43
44,mastercard,9989896501858085,2026-02-16T13:17:43+01:00,789,44
45,mastercard,6036017419189690,2026-01-09T11:19:24+01:00,250,45
46,visa,2930636520471493,2026-10-11T06:34:17+02:00,331,46
47,mastercard,0080129983456716,2025-12-14T13:19:41+01:00,014,47
48,mastercard,8540525095820441,2026-11-04T20:47:16+01:00,022,48
49,mastercard,2299046084347110,2026-11-21T10:22:10+01:00,709,49
50,mastercard,8978731776962905,2024-10-08T08:19:15+02:00,609,50
51,visa,9487947796884604,2025-05-20T00:37:17+02:00,279,51
52,mastercard,7687001190056146,2024-12-21T21:39:30+01:00,205,52
53,mastercard,7733288029647112,2024-11-19T21:26:12+01:00,824,53
54,visa,3727105467192475,2026-05-11T12:26:21+02:00,723,54
55,mastercard,8355637898667459,2025-04-13T19:55:52+02:00,776,55
56,mastercard,1110053318970781,2024-12-27T10:38:49+01:00,401,56
57,visa,1629261555450284,2023-12-19T08:19:24+01:00,449,57
58,visa,8939212708224993,2026-07-30T00:02:35+02:00,619,58
59,visa,1592416493565931,2024-08-21T18:03:57+02:00,710,59
60,visa,5806338934247213,2026-08-29T12:13:05+02:00,662,60
61,mastercard,4602235578255982,2025-03-09T20:33:29+01:00,695,61
62,mastercard,6124781327463553,2024-05-23T18:42:42+02:00,912,62
63,visa,6251033288681186,2024-02-02T05:51:32+01:00,416,63
64,mastercard,3144446464606900,2026-11-09T21:34:18+01:00,498,64
65,visa,5289313357041688,2024-01-27T20:49:18+01:00,080,65
66,mastercard,4029497649950166,2025-04-21T16:44:58+02:00,594,66
67,mastercard,8203658526451433,2026-07-30T18:36:32+02:00,941,67
68,visa,5184758404597585,2025-10-05T13:49:10+02:00,775,68
69,mastercard,7477580740058797,2025-05-11T00:21:13+02:00,232,69
70,mastercard,5002043568467184,2025-07-12T13:11:36+02:00,409,70
71,visa,6631515725604756,2025-07-07T16:20:15+02:00,343,71
72,visa,3891045903164656,2024-02-13T15:04:18+01:00,478,72
73,mastercard,5224743617202563,2025-06-26T03:45:52+02:00,729,73
74,mastercard,7632238344895963,2023-11-12T04:41:25+01:00,665,74
75,mastercard,7062155970038578,2026-10-19T14:31:03+02:00,050,75
76,visa,9870169362990567,2024-06-21T11:14:47+02:00,942,76
77,visa,0172902944049864,2025-09-29T00:36:34+02:00,160,77
78,mastercard,7732557191143253,2024-07-15T08:21:13+02:00,697,78
79,mastercard,6777367550047055,2025-10-26T07:30:06+01:00,855,79
80,mastercard,4131791467055990,2025-08-23T01:55:52+02:00,218,80
81,mastercard,0178588032768509,2025-02-09T00:31:27+01:00,330,81
82,visa,6656149032919358,2025-12-22T16:39:51+01:00,609,82
83,visa,3373266480219369,2024-03-13T08:12:32+01:00,880,83
84,mastercard,6051385253972632,2024-12-20T21:17:24+01:00,735,84
85,mastercard,9327388873259648,2025-05-05T00:35:29+02:00,017,85
86,mastercard,1622846447881915,2024-02-19T19:04:33+01:00,628,86
87,mastercard,4234930150081444,2025-09-02T06:00:13+02:00,432,87
88,mastercard,1859354751854630,2025-05-08T20:17:56+02:00,201,88
89,mastercard,4896493679307039,2025-09-20T05:08:54+02:00,700,89
90,visa,8213223698361007,2025-11-15T07:21:30+01:00,127,90
91,mastercard,9302239460833155,2025-09-24T22:35:27+02:00,339,91
92,visa,6642178650049773,2025-06-20T16:12:11+02:00,495,92
93,visa,8161518458964870,2026-10-19T07:59:56+02:00,020,93
94,visa,4460685561476154,2025-12-25T19:29:51+01:00,365,94
95,visa,1147650040589669,2024-02-23T18:22:20+01:00,480,95
96,visa,9080894103932554,2025-09-12T14:53:55+02:00,478,96
97,mastercard,0552774433938760,2024-07-27T11:31:27+02:00,251,97
98,mastercard,4368304212432870,2024-10-22T22:05:43+02:00,039,98
99,mastercard,1155067925580912,2025-08-18T03:22:22+02:00,357,99
100,visa,9993463949012355,2025-07-15T12:23:38+02:00,903,100
101,mastercard,8419362888161561,2024-05-14T03:03:57+02:00,947,101
102,visa,2694009860325032,2024-06-06T12:11:03+02:00,386,102
103,visa,3419832281699095,2026-12-17T22:43:18+01:00,961,103
104,visa,5460437437246552,2024-03-16T11:31:40+01:00,237,104
105,mastercard,5973226917168471,2025-04-17T18:21:19+02:00,786,105
106,visa,0149918973658474,2026-10-21T20:44:15+02:00,273,106
107,mastercard,3280231723267379,2024-10-24T23:15:10+02:00,909,107
108,visa,5861100357193890,2027-01-02T17:40:09+01:00,150,108
109,mastercard,8733984390056218,2026-11-19T13:05:52+01:00,067,109
110,mastercard,9475030417696279,2026-04-30T21:43:33+02:00,047,110
111,visa,3962368713483544,2024-10-10T01:43:25+02:00,175,111
112,visa,6137935435588033,2024-06-04T15:50:56+02:00,234,112
113,visa,5790453186894444,2025-11-16T17:20:42+01:00,667,113
114,mastercard,9542919385403503,2024-12-28T12:10:59+01:00,051,114
115,visa,8180072039560184,2026-05-15T04:08:49+02:00,886,115
116,mastercard,9807037396707919,2026-12-12T14:52:12+01:00,540,116
117,visa,4717530319211522,2026-03-19T17:19:05+01:00,271,117
118,visa,9100839066654253,2025-08-28T00:47:47+02:00,537,118
119,mastercard,6782155771192096,2025-10-21T00:58:50+02:00,835,119
120,mastercard,4638763946358731,2024-02-29T02:04:21+01:00,214,120
121,visa,4518217034626033,2024-05-29T17:22:06+02:00,542,121
122,mastercard,9382614380037082,2025-03-01T00:20:06+01:00,931,122
123,visa,5103241260284851,2025-11-04T00:02:02+01:00,551,123
124,mastercard,4221981875342665,2026-01-23T18:38:11+01:00,619,124
125,mastercard,2620743082271959,2026-08-15T03:34:12+02:00,191,125
126,mastercard,3896080444294352,2025-04-01T00:47:16+02:00,949,126
127,visa,2984756742112447,2026-02-28T09:47:24+01:00,773,127
128,mastercard,5227988639809260,2026-07-27T15:57:44+02:00,319,128
129,mastercard,5258537060426391,2024-12-10T15:21:12+01:00,555,129
130,mastercard,0801323690811093,2024-02-10T14:22:06+01:00,977,130
131,visa,1206961346117370,2025-07-03T22:46:47+02:00,617,131
132,mastercard,7792363934820035,2024-03-27T15:56:30+01:00,822,132
133,visa,5654550616888634,2026-10-12T09:43:38+02:00,318,133
134,visa,8857711043534436,2026-11-25T15:44:53+01:00,594,134
135,visa,9753199346305162,2026-10-04T00:18:50+02:00,949,135
136,mastercard,5560832363303089,2024-02-26T18:07:33+01:00,630,136
137,visa,0082511798330236,2025-08-21T05:23:07+02:00,930,137
138,visa,7019736527015575,2024-06-25T16:35:14+02:00,550,138
139,visa,7144706584155471,2025-07-10T07:09:33+02:00,347,139
140,mastercard,2736187479610323,2024-10-11T21:55:23+02:00,843,140
141,mastercard,7502964102829681,2026-02-02T10:45:16+01:00,752,141
142,mastercard,8273887547205289,2025-07-12T18:23:51+02:00,361,142
143,visa,9324231701604374,2024-02-08T05:00:57+01:00,912,143
144,visa,9201325927198134,2026-03-16T10:58:30+01:00,970,144
145,visa,7447913857259857,2026-09-24T18:46:06+02:00,964,145
146,mastercard,8448370936349893,2024-05-23T03:02:17+02:00,818,146
147,mastercard,0323364150771517,2025-12-02T14:08:08+01:00,380,147
148,mastercard,7900086336881847,2025-11-28T05:54:02+01:00,162,148
149,visa,6343543696664145,2026-03-14T09:01:22+01:00,808,149
150,mastercard,5736717002234200,2025-05-14T07:56:24+02:00,050,150
151,visa,3878683325609184,2026-11-02T04:28:52+01:00,572,151
152,mastercard,3854537035181702,2024-04-26T18:40:02+02:00,481,152
153,mastercard,8342822308685848,2025-02-21T15:21:59+01:00,223,153
154,mastercard,8375911816835621,2025-01-19T17:17:19+01:00,660,154
155,mastercard,1859829939989853,2026-02-16T12:43:11+01:00,129,155
156,visa,2854105243993201,2026-02-14T14:27:50+01:00,744,156
157,visa,5088187215109645,2024-01-14T14:18:51+01:00,714,157
158,mastercard,8379967220240051,2026-04-11T12:23:09+02:00,978,158
159,mastercard,2677354747579851,2026-11-22T23:56:08+01:00,465,159
160,mastercard,1645032997454766,2023-12-12T07:38:05+01:00,885,160
161,visa,2913027622176449,2026-10-14T13:01:32+02:00,943,161
162,mastercard,3597583349715993,2024-10-02T09:58:12+02:00,919,162
163,visa,8686021074293978,2024-05-15T00:27:28+02:00,543,163
164,visa,7572005755115153,2026-10-01T20:29:59+02:00,935,164
165,visa,5148385883822840,2024-04-05T04:21:33+02:00,504,165
166,visa,5777758295830767,2024-02-09T04:52:57+01:00,478,166
167,mastercard,6592836320448416,2025-09-09T08:04:49+02:00,782,167
168,visa,6052581258229734,2024-12-11T16:12:23+01:00,976,168
169,mastercard,4780353472670117,2024-09-12T08:54:25+02:00,597,169
170,visa,9977467494471130,2025-07-12T05:51:08+02:00,328,170
171,visa,2566953969206566,2025-03-14T05:26:02+01:00,986,171
172,mastercard,7009244644917395,2026-06-18T17:11:44+02:00,281,172
173,visa,8675704856484583,2025-10-20T00:57:53+02:00,607,173
174,visa,3232984574563457,2025-04-13T14:09:31+02:00,811,174
175,mastercard,0402331467913862,2026-04-09T09:12:41+02:00,794,175
176,visa,2893611523625101,2025-08-30T05:53:02+02:00,069,176
177,mastercard,8301994217708943,2024-05-05T08:41:06+02:00,672,177
178,visa,0902202729242132,2026-08-02T16:58:37+02:00,491,178
179,visa,0574747283068163,2026-01-30T23:35:25+01:00,214,179
180,mastercard,3874233885726483,2026-12-14T04:51:15+01:00,247,180
181,visa,1591976809927274,2025-10-06T06:15:56+02:00,475,181
182,mastercard,6154163842238229,2025-02-18T17:22:37+01:00,892,182
183,mastercard,2706639452861436,2024-08-05T08:59:59+02:00,565,183
184,mastercard,5858178865623264,2024-01-14T16:27:25+01:00,900,184
185,visa,2150873982906566,2023-12-17T15:58:25+01:00,927,185
186,visa,3761061832375237,2024-06-15T12:26:45+02:00,385,186
187,mastercard,4994462601645288,2024-05-15T15:07:42+02:00,970,187
188,visa,6945590609212753,2026-09-16T20:11:31+02:00,444,188
189,visa,3875618512693677,2025-03-26T12:58:51+01:00,246,189
190,visa,6069637227596578,2025-05-22T05:40:13+02:00,533,190
191,mastercard,9616512491359379,2026-03-02T06:54:35+01:00,213,191
192,visa,1976187284375881,2026-11-04T14:16:56+01:00,699,192
193,visa,9153103839574066,2024-01-01T09:13:28+01:00,855,193
194,mastercard,7373070775328617,2026-12-06T01:56:55+01:00,449,194
195,mastercard,1702956048779906,2026-12-08T04:56:01+01:00,361,195
196,mastercard,1440827023301015,2025-04-15T02:26:44+02:00,593,196
197,visa,0242099025684630,2026-03-25T20:56:52+01:00,239,197
198,mastercard,4678464751104358,2026-06-21T10:01:17+02:00,614,198
199,visa,9136983980404508,2025-07-17T05:51:52+02:00,974,199
200,mastercard,4665255412136515,2024-05-19T07:10:12+02:00,971,200
201,mastercard,5643017228576472,2025-12-20T21:22:22+01:00,689,201
202,mastercard,0222339856521087,2024-11-20T12:04:04+01:00,444,202
203,mastercard,6617425277074895,2025-04-07T03:37:49+02:00,870,203
204,visa,9077902376441198,2024-06-23T22:36:20+02:00,872,204
205,mastercard,6902216561402056,2026-10-22T00:01:51+02:00,400,205
206,visa,0714253623324433,2024-09-03T03:18:56+02:00,605,206
207,mastercard,0202250385622144,2024-08-06T06:17:44+02:00,658,207
208,visa,3229667758274406,2026-02-14T03:50:43+01:00,966,208
209,visa,7447918877539501,2024-01-31T00:29:40+01:00,500,209
210,mastercard,3351815746411560,2026-10-13T21:10:45+02:00,659,210
211,visa,3750609343515163,2026-09-23T09:38:30+02:00,925,211
212,visa,4732289016723609,2025-12-28T22:27:06+01:00,815,212
213,mastercard,1758140334330277,2025-12-07T15:52:22+01:00,670,213
214,mastercard,0257236847190196,2025-07-25T02:51:28+02:00,911,214
215,mastercard,3957509862933618,2025-08-29T14:06:56+02:00,986,215
216,mastercard,1366431556573577,2026-07-29T03:02:16+02:00,864,216
217,mastercard,2753486897673873,2025-05-26T00:42:03+02:00,243,217
218,mastercard,3588442124930908,2024-10-29T12:06:56+01:00,289,218
219,visa,8156673130015125,2026-06-02T08:26:33+02:00,285,219
220,visa,4256915215405996,2026-06-19T21:33:57+02:00,032,220
221,mastercard,7607449771334571,2025-05-18T05:38:02+02:00,478,221
222,visa,8345803353626025,2025-12-05T20:22:36+01:00,218,222
223,mastercard,7692704302313205,2026-02-19T04:30:20+01:00,020,223
224,visa,6992160183265924,2026-03-21T02:58:57+01:00,314,224
225,visa,4247961625182694,2026-03-05T13:48:56+01:00,804,225
226,visa,9155836171598486,2024-02-01T12:44:13+01:00,639,226
227,mastercard,3176100107441123,2025-07-04T21:24:53+02:00,331,227
228,mastercard,6632329938015928,2025-06-22T20:12:06+02:00,492,228
229,mastercard,5736015364863140,2025-07-17T20:39:20+02:00,845,229
230,visa,7699110476291834,2025-12-21T00:32:49+01:00,860,230
231,visa,1769122908564652,2026-07-13T15:09:04+02:00,730,231
232,visa,4294019579290393,2025-03-29T09:10:55+01:00,558,232
233,visa,0086009040277327,2024-05-21T17:00:00+02:00,178,233
234,visa,1706929634883800,2024-07-03T16:43:11+02:00,714,234
235,visa,8290596187521355,2025-02-10T16:16:00+01:00,819,235
236,mastercard,2127830699768432,2025-07-06T05:48:40+02:00,252,236
237,mastercard,5542772367680996,2024-09-03T17:47:41+02:00,077,237
238,visa,4217436039287385,2024-07-04T03:50:59+02:00,756,238
239,mastercard,2376986179849056,2026-10-11T08:41:31+02:00,084,239
240,visa,0063671184947176,2026-01-28T08:22:23+01:00,450,240
241,visa,5423395283453712,2026-07-18T06:03:03+02:00,620,241
242,visa,9345468191225261,2026-12-19T06:50:57+01:00,437,242
243,visa,6214450395892900,2025-09-05T15:05:51+02:00,495,243
244,visa,8793271404574460,2025-02-13T03:13:32+01:00,064,244
245,mastercard,5256223986916540,2026-12-08T23:40:50+01:00,159,245
246,visa,2939650582364612,2025-12-10T22:28:50+01:00,149,246
247,mastercard,6326563485224720,2024-12-07T20:17:37+01:00,627,247
248,mastercard,0610496007276142,2024-07-08T13:14:26+02:00,078,248
249,mastercard,0796003590938124,2024-03-24T02:08:58+01:00,405,249
250,visa,1654535072848999,2026-02-24T01:34:55+01:00,783,250
251,mastercard,3860717259232298,2025-08-25T23:49:33+02:00,623,251
252,mastercard,1841340961436574,2025-11-17T04:43:27+01:00,323,252
253,mastercard,3764485566246446,2025-09-15T05:23:52+02:00,406,253
254,mastercard,1622019652448727,2026-11-06T17:05:51+01:00,404,254
255,visa,5516617710411072,2026-10-06T07:16:31+02:00,115,255
256,mastercard,2523416401743382,2024-09-16T22:38:04+02:00,309,256
257,visa,4239347161496286,2023-10-19T15:33:29+02:00,897,257
258,mastercard,9398501246208258,2024-05-26T17:56:03+02:00,988,258
259,mastercard,0248977804335264,2025-04-03T22:10:10+02:00,443,259
260,mastercard,0476921743569875,2024-11-10T03:24:46+01:00,191,260
261,mastercard,6510826956316432,2024-11-08T21:22:40+01:00,975,261
262,visa,4913094700196273,2025-08-19T18:26:59+02:00,072,262
263,mastercard,6174649408777994,2025-07-26T06:11:47+02:00,372,263
264,visa,0873142712419096,2025-11-18T09:18:03+01:00,124,264
265,mastercard,9949522670406584,2025-07-06T03:22:03+02:00,414,265
266,mastercard,9818107082028800,2024-10-14T22:46:51+02:00,115,266
267,mastercard,1669176762444634,2024-02-08T06:35:20+01:00,257,267
268,mastercard,8827944346323572,2024-06-10T19:54:25+02:00,580,268
269,visa,4683515478880191,2024-05-04T10:07:33+02:00,471,269
270,mastercard,1171846824846163,2025-08-01T16:35:56+02:00,703,270
271,visa,7174440169770842,2025-02-28T10:10:43+01:00,909,271
272,visa,4509656199035533,2025-05-30T14:44:52+02:00,825,272
273,mastercard,0769926743828474,2024-12-18T04:48:11+01:00,608,273
274,visa,1526025493418222,2025-04-13T13:02:24+02:00,042,274
275,visa,7753482059074504,2026-08-31T17:37:52+02:00,137,275
276,mastercard,2166387538599272,2026-12-10T13:02:42+01:00,705,276
277,visa,1076621483214854,2025-04-19T16:27:11+02:00,665,277
278,mastercard,1711443837034180,2024-12-09T09:23:31+01:00,419,278
279,mastercard,7305470699481042,2024-09-17T08:09:45+02:00,689,279
280,visa,2382107435302747,2025-01-19T22:48:40+01:00,392,280
281,mastercard,0372948529434318,2023-12-19T01:27:06+01:00,146,281
282,mastercard,4165920267597617,2023-11-22T16:39:03+01:00,239,282
283,visa,0292821714430929,2026-05-11T11:23:16+02:00,771,283
284,visa,9435328266075820,2025-05-22T12:00:31+02:00,668,284
285,visa,8812809412096344,2026-08-28T09:40:37+02:00,009,285
286,mastercard,0613729955290732,2026-07-10T12:32:34+02:00,367,286
287,mastercard,1404630771076852,2024-07-14T22:13:54+02:00,263,287
288,mastercard,2662332334772003,2024-02-25T19:59:01+01:00,134,288
289,mastercard,7429984360631173,2026-05-07T12:52:12+02:00,796,289
290,mastercard,5505994006024007,2025-10-16T03:07:31+02:00,323,290
291,visa,8859976558631319,2025-10-31T05:17:25+01:00,238,291
292,mastercard,4348429908060118,2024-07-30T13:23:40+02:00,345,292
293,visa,9120629343105393,2024-05-14T01:08:47+02:00,593,293
294,visa,7348591269430207,2026-12-20T06:16:24+01:00,798,294
295,mastercard,5945821692888858,2025-10-24T09:01:53+02:00,651,295
296,mastercard,2555816785989538,2026-12-27T16:50:14+01:00,715,296
297,visa,0668707476122661,2026-04-23T08:55:26+02:00,346,297
298,visa,9330861619447995,2025-03-21T16:18:46+01:00,650,298
299,visa,7923881717784187,2026-01-12T14:00:18+01:00,272,299
300,visa,0119497047591272,2024-05-04T12:51:56+02:00,384,300
301,mastercard,9800982306215429,2026-06-16T13:32:31+02:00,306,301
302,visa,2884914618185150,2026-04-07T01:34:57+02:00,223,302
303,visa,2143727011499474,2025-12-16T02:42:37+01:00,536,303
304,mastercard,6642652473605201,2025-01-26T20:29:40+01:00,059,304
305,mastercard,6028910769211819,2025-01-12T03:37:12+01:00,883,305
306,mastercard,7213996154694753,2024-11-24T13:50:28+01:00,876,306
307,visa,8681755453350694,2025-02-14T22:56:45+01:00,672,307
308,mastercard,3807395990738646,2024-09-03T12:05:39+02:00,370,308
309,visa,8127057368533619,2026-08-30T16:39:05+02:00,191,309
310,mastercard,9411662298200917,2024-11-14T12:56:00+01:00,368,310
311,visa,0531474259342587,2026-09-06T01:41:44+02:00,104,311
312,mastercard,2252034683359517,2025-01-13T16:42:54+01:00,628,312
313,visa,9478356424626653,2023-12-24T17:27:30+01:00,240,313
314,mastercard,5554006344443326,2024-04-10T16:49:17+02:00,954,314
315,visa,3583282560827936,2024-08-24T11:50:04+02:00,107,315
316,visa,5893261350398407,2024-11-15T04:17:07+01:00,889,316
317,visa,7009496056078922,2026-03-18T23:54:45+01:00,565,317
318,mastercard,1351973603542169,2025-10-04T00:56:10+02:00,073,318
319,visa,2278666328839872,2024-02-27T00:48:43+01:00,903,319
320,visa,6878607884689991,2026-01-29T04:17:37+01:00,210,320
321,mastercard,1356043725612459,2024-06-22T13:27:30+02:00,636,321
322,mastercard,0356157786170777,2026-10-26T16:04:03+01:00,651,322
323,visa,0798376827231663,2025-01-10T10:00:35+01:00,699,323
324,visa,3072651678871366,2024-08-26T16:28:37+02:00,266,324
325,visa,7192720178518664,2026-08-04T04:48:54+02:00,880,325
326,mastercard,9922147449187652,2025-01-12T02:53:44+01:00,574,326
327,visa,1677624941043512,2026-03-19T10:39:34+01:00,835,327
328,visa,6283492139602274,2025-03-30T16:38:33+02:00,615,328
329,mastercard,8654801272314298,2025-04-27T07:17:28+02:00,897,329
330,visa,2659148580195847,2026-05-05T19:23:10+02:00,192,330
331,visa,8538663658777932,2025-05-07T10:23:37+02:00,022,331
332,visa,3020833161606672,2026-06-14T14:49:23+02:00,833,332
333,mastercard,9790408563735075,2026-09-21T05:23:30+02:00,522,333
334,mastercard,7167222926408232,2024-02-23T02:47:36+01:00,652,334
335,visa,3493497419378308,2024-07-20T06:36:18+02:00,898,335
336,mastercard,3090945455362104,2024-12-16T20:15:44+01:00,080,336
337,visa,7552699027646260,2026-05-11T08:50:03+02:00,297,337
338,mastercard,5129431783013354,2024-06-20T21:39:25+02:00,221,338
339,visa,0400755270626810,2024-06-07T20:03:50+02:00,934,339
340,mastercard,8851773113352277,2025-05-07T08:31:10+02:00,015,340
341,visa,1090575161030143,2023-12-02T07:57:49+01:00,304,341
342,visa,0952917379172664,2025-06-16T14:44:02+02:00,509,342
343,visa,5197825674860608,2026-11-06T15:02:51+01:00,382,343
344,mastercard,3280693711782638,2026-07-23T10:11:01+02:00,921,344
345,visa,6426759835252861,2026-11-14T12:54:27+01:00,919,345
346,visa,9627428054013013,2026-07-25T10:58:16+02:00,387,346
347,mastercard,0146657935912230,2025-10-07T21:20:31+02:00,424,347
348,visa,3008007022640347,2026-07-17T19:25:02+02:00,520,348
349,visa,4474107837615261,2025-12-13T03:07:55+01:00,341,349
350,visa,9092127661805615,2024-01-26T03:16:58+01:00,486,350
351,visa,0704829511859077,2026-02-20T15:28:36+01:00,595,351
352,visa,3785657840484648,2025-05-01T16:04:53+02:00,263,352
353,visa,6212018403744785,2026-01-03T18:09:44+01:00,677,353
354,mastercard,6550965623927741,2025-02-26T01:22:12+01:00,990,354
355,mastercard,9938749755943412,2027-01-03T00:55:59+01:00,887,355
356,mastercard,0247039724232641,2025-01-10T12:34:16+01:00,132,356
357,visa,1577404079251588,2025-10-08T09:35:07+02:00,737,357
358,mastercard,2744680377090101,2025-08-01T05:23:07+02:00,401,358
359,visa,7867363449777886,2024-04-24T03:19:27+02:00,216,359
360,visa,3410047077636313,2025-11-22T08:43:04+01:00,921,360
361,mastercard,8293396843675167,2025-05-15T13:50:40+02:00,056,361
362,visa,1008973019300076,2025-06-01T11:29:37+02:00,309,362
363,visa,0494070721657233,2025-09-10T04:05:27+02:00,455,363
364,visa,2341580872118679,2024-01-17T00:44:17+01:00,134,364
365,visa,4618442813508215,2025-11-01T19:13:43+01:00,448,365
366,mastercard,7463523558342073,2025-10-08T10:13:14+02:00,643,366
367,visa,9951209049226456,2026-12-27T14:05:53+01:00,544,367
368,mastercard,8338940249336499,2025-10-08T19:25:42+02:00,678,368
369,mastercard,6630702982696409,2025-12-28T10:21:05+01:00,275,369
370,visa,9137190105576892,2024-06-03T20:40:47+02:00,045,370
371,mastercard,9533176053358623,2026-07-03T07:07:39+02:00,697,371
372,visa,2872810870574467,2025-07-17T21:05:12+02:00,390,372
373,visa,5687301326927119,2024-12-09T00:49:16+01:00,197,373
374,mastercard,9239228416948819,2026-10-22T03:38:51+02:00,836,374
375,visa,2733439503529182,2026-05-02T18:52:35+02:00,192,375
376,mastercard,9675836291304154,2026-10-28T00:54:17+01:00,425,376
377,visa,1536280018881010,2026-08-25T16:32:44+02:00,907,377
378,mastercard,9379477169371485,2025-09-15T06:54:09+02:00,641,378
379,mastercard,6515057047584888,2024-03-24T05:41:16+01:00,253,379
380,mastercard,7539359259292105,2026-02-28T06:41:47+01:00,997,380
381,mastercard,8886023458631110,2026-10-01T09:12:27+02:00,530,381
382,mastercard,9914567567739788,2026-03-11T04:00:19+01:00,553,382
383,visa,1107834673817146,2024-11-21T15:23:23+01:00,513,383
384,mastercard,8858145362384009,2024-01-15T00:27:15+01:00,668,384
385,mastercard,8858296643573371,2024-12-01T03:12:18+01:00,827,385
386,visa,5818014088420767,2026-04-15T19:29:20+02:00,126,386
387,mastercard,2887082570303471,2025-09-10T21:04:18+02:00,275,387
388,visa,4721757889507963,2026-07-12T13:24:28+02:00,603,388
389,mastercard,1716666177146124,2024-03-11T08:20:36+01:00,381,389
390,visa,4725775270390704,2025-01-09T09:04:18+01:00,181,390
391,visa,7966282150073386,2024-06-18T19:39:17+02:00,330,391
392,visa,4975246718999214,2026-02-03T14:08:10+01:00,366,392
393,visa,5566980904470588,2026-07-07T22:50:55+02:00,333,393
394,mastercard,3344852229478691,2024-10-08T16:22:35+02:00,049,394
395,mastercard,8771854697171379,2024-12-22T06:09:10+01:00,680,395
396,visa,6216166493594705,2026-01-23T09:23:56+01:00,352,396
397,mastercard,9263769933005251,2027-01-03T20:21:29+01:00,414,397
398,visa,3521426011013431,2024-03-28T18:38:31+01:00,476,398
399,visa,5319649614066628,2025-01-08T11:09:58+01:00,232,399
400,visa,7502276240442420,2026-09-13T15:40:47+02:00,433,400
401,mastercard,2099598053553419,2025-09-23T10:46:22+02:00,001,401
402,mastercard,0548850155189258,2026-11-03T03:24:05+01:00,213,402
403,visa,5256279025747379,2024-11-28T18:32:28+01:00,801,403
404,mastercard,7739320564599194,2025-01-13T15:28:37+01:00,085,404
405,mastercard,3376751195362064,2024-02-20T02:03:47+01:00,547,405
406,mastercard,7281530612468489,2024-06-29T11:42:48+02:00,820,406
407,visa,1285011489972704,2026-01-24T13:27:30+01:00,043,407
408,mastercard,4017339507134950,2025-05-15T19:15:27+02:00,830,408
409,visa,7535988259832991,2024-04-20T01:15:09+02:00,589,409
410,visa,3480913031152553,2026-06-26T07:52:22+02:00,722,410
411,mastercard,0642732382408013,2024-10-29T03:32:34+01:00,945,411
412,mastercard,8394393852561048,2026-08-07T17:00:00+02:00,353,412
413,mastercard,1972321727046171,2024-07-12T06:56:27+02:00,848,413
414,visa,8170623052935521,2026-12-10T05:54:17+01:00,310,414
415,visa,1211355564592807,2026-09-24T05:19:34+02:00,512,415
416,visa,0265862844638869,2025-07-02T07:14:09+02:00,890,416
417,visa,6962857167133574,2026-04-29T09:04:12+02:00,561,417
418,visa,8523556051746487,2024-03-17T01:08:59+01:00,505,418
419,visa,3282240195774067,2025-06-08T12:05:21+02:00,916,419
420,visa,1356770783929231,2026-09-24T22:44:29+02:00,093,420
421,visa,5528201238493452,2025-12-25T21:27:43+01:00,803,421
422,mastercard,2992595423679179,2024-12-25T13:11:11+01:00,444,422
423,mastercard,1108939078991807,2025-12-07T05:40:27+01:00,113,423
424,visa,6272269466018677,2025-12-30T18:31:16+01:00,115,424
425,mastercard,7758004198401540,2024-06-20T11:20:33+02:00,954,425
426,visa,6735762189283280,2026-06-19T19:00:00+02:00,491,426
427,visa,6240757556825810,2024-08-17T05:58:43+02:00,018,427
428,visa,5172744292566829,2024-05-05T03:36:14+02:00,111,428
429,mastercard,5509498439893299,2023-11-14T16:23:17+01:00,244,429
430,visa,8126520411006660,2024-11-16T01:58:18+01:00,503,430
431,visa,0109263040705273,2025-08-07T05:48:17+02:00,954,431
432,visa,5958187548176458,2024-08-26T17:22:44+02:00,546,432
433,visa,7642766387866291,2026-02-04T16:50:21+01:00,236,433
434,mastercard,6519682594689537,2026-12-03T10:50:20+01:00,465,434
435,mastercard,6426931335337134,2024-10-27T19:27:24+01:00,506,435
436,visa,1355813847043267,2026-01-10T11:27:16+01:00,126,436
437,mastercard,3726435214731304,2026-06-23T02:19:59+02:00,401,437
438,mastercard,5682730094241599,2024-08-05T23:53:57+02:00,645,438
439,visa,8067981032298527,2025-11-05T16:38:43+01:00,875,439
440,mastercard,8782485964726285,2025-10-11T10:05:25+02:00,129,440
441,mastercard,0778283058153356,2025-09-08T12:30:09+02:00,635,441
442,mastercard,9946938503783101,2024-03-25T06:51:28+01:00,364,442
443,mastercard,5359521878358887,2025-03-22T01:04:23+01:00,269,443
444,mastercard,7517069131789436,2024-02-06T22:31:14+01:00,200,444
445,visa,8506649719938710,2026-02-13T15:39:32+01:00,104,445
446,visa,8770638336176597,2025-11-01T22:00:22+01:00,573,446
447,visa,2928527738324505,2026-02-15T18:02:57+01:00,483,447
448,mastercard,4528978188164240,2026-01-13T14:44:55+01:00,182,448
449,mastercard,2517512805110919,2025-02-22T17:01:50+01:00,485,449
450,visa,9836104277926797,2024-04-14T19:02:41+02:00,276,450
451,mastercard,8190059849356323,2024-01-24T16:19:20+01:00,123,451
452,mastercard,6649910007739018,2026-03-26T19:24:35+01:00,462,452
453,mastercard,9876299880753546,2026-06-10T02:12:32+02:00,982,453
454,visa,2287772583742840,2025-05-19T07:37:34+02:00,499,454
455,visa,1917828768031605,2024-08-04T19:15:23+02:00,863,455
456,mastercard,7644223278521765,2026-04-30T09:53:39+02:00,457,456
457,visa,2849301645092613,2025-02-05T06:54:01+01:00,762,457
458,mastercard,8721449721807816,2026-03-21T11:31:54+01:00,991,458
459,visa,6160557765133212,2025-06-08T15:29:17+02:00,093,459
460,mastercard,0629628744083352,2024-09-23T03:24:56+02:00,778,460
461,visa,5305342355414399,2025-06-03T03:01:33+02:00,941,461
462,visa,4561380056068199,2024-09-18T02:30:44+02:00,412,462
463,visa,3345365526694513,2024-03-18T02:22:16+01:00,890,463
464,mastercard,9497968646802313,2025-11-09T07:43:41+01:00,276,464
465,visa,0953481520267062,2024-02-21T08:10:26+01:00,427,465
466,mastercard,7701722996933368,2025-12-19T19:18:04+01:00,732,466
467,visa,9161559433793644,2026-01-21T16:54:55+01:00,323,467
468,visa,0856633787887242,2026-06-28T03:45:48+02:00,167,468
469,mastercard,9905922216641920,2025-05-18T09:41:00+02:00,421,469
470,mastercard,5489036090671614,2024-07-04T02:44:39+02:00,019,470
471,mastercard,4812981860083683,2024-12-03T12:23:28+01:00,122,471
472,mastercard,0539881653138613,2025-06-01T06:50:28+02:00,503,472
473,mastercard,9934061365613029,2025-11-19T17:42:16+01:00,016,473
474,visa,0206407858240095,2025-02-24T03:26:32+01:00,670,474
475,mastercard,8470587778373357,2025-08-03T01:50:27+02:00,108,475
476,visa,6095582062973243,2025-10-09T02:42:55+02:00,902,476
477,mastercard,7661177026354416,2024-11-05T03:28:37+01:00,582,477
478,mastercard,5114807006969646,2024-09-01T00:28:36+02:00,340,478
479,visa,6526758435769141,2026-07-04T21:57:38+02:00,241,479
480,mastercard,6981004040849095,2024-10-16T17:47:35+02:00,409,480
481,visa,5057929913507118,2024-06-27T08:19:35+02:00,359,481
482,visa,1787165348414572,2024-01-05T16:22:34+01:00,325,482
483,mastercard,2446019462152198,2025-11-18T01:53:32+01:00,565,483
484,visa,9721513417340909,2026-12-04T10:50:18+01:00,977,484
485,visa,5700847610530632,2024-01-09T12:29:35+01:00,469,485
486,visa,6002573655614031,2024-12-01T01:43:16+01:00,969,486
487,visa,8663798175989896,2023-12-07T18:25:04+01:00,390,487
488,visa,5378506916262719,2025-03-16T10:58:13+01:00,620,488
489,mastercard,2994696124855924,2026-03-27T08:58:17+01:00,671,489
490,visa,2844624454340178,2024-02-11T22:31:02+01:00,234,490
491,mastercard,9012129646920342,2025-08-16T17:39:52+02:00,496,491
492,mastercard,8988339496081697,2026-03-25T14:04:42+01:00,635,492
493,visa,5047684589977243,2026-01-16T18:12:32+01:00,340,493
494,mastercard,4984055985003157,2026-08-17T23:24:54+02:00,532,494
495,visa,3247234078455344,2024-01-17T21:33:45+01:00,535,495
496,mastercard,8869854555006314,2026-04-27T12:47:13+02:00,706,496
497,mastercard,1291157122521218,2023-12-29T11:13:39+01:00,094,497
498,visa,9790527537032242,2025-11-25T08:02:52+01:00,435,498
499,mastercard,5710945849540766,2026-05-30T03:00:34+02:00,038,499
500,visa,2463913421597279,2024-04-02T00:01:00+02:00,147,500
501,visa,0063277732530298,2025-11-02T05:46:02+01:00,007,501
502,mastercard,5318512911461168,2024-02-24T22:29:54+01:00,245,502
503,mastercard,0654826094469878,2026-08-14T21:55:02+02:00,835,503
504,visa,2443493772165948,2024-03-01T22:33:55+01:00,379,504
505,visa,6494492677797135,2026-03-04T06:24:27+01:00,058,505
506,mastercard,9721788656655973,2026-10-24T23:36:49+02:00,637,506
507,visa,0520340260261806,2024-12-06T23:34:36+01:00,705,507
508,visa,8014091689065999,2026-10-24T01:13:33+02:00,958,508
509,visa,1310096686450256,2025-03-26T07:11:27+01:00,087,509
510,visa,0998347730884920,2024-08-13T18:44:06+02:00,347,510
511,visa,0351862593576240,2025-03-05T05:29:55+01:00,483,511
512,mastercard,2924249642206702,2026-09-07T18:29:58+02:00,755,512
513,mastercard,3355580199764909,2024-09-01T06:23:11+02:00,465,513
514,visa,4092052890696463,2024-08-08T16:11:49+02:00,653,514
515,mastercard,6850948804140166,2024-07-07T09:29:39+02:00,237,515
516,mastercard,0906210591654702,2026-10-13T06:49:06+02:00,741,516
517,mastercard,5250138438704730,2025-05-15T12:22:35+02:00,782,517
518,visa,0695510729486181,2025-06-12T04:37:02+02:00,559,518
519,mastercard,6563296285536751,2026-11-09T14:36:59+01:00,921,519
520,mastercard,1255685862971585,2026-04-16T07:43:38+02:00,988,520
521,mastercard,4862922719981346,2024-09-26T13:29:53+02:00,310,521
522,visa,6488555408343805,2026-12-08T05:21:33+01:00,716,522
523,visa,9185075085479624,2025-12-09T11:58:29+01:00,586,523
524,mastercard,3019325090131388,2025-08-04T06:17:15+02:00,675,524
525,visa,0607212880816044,2025-05-21T17:04:05+02:00,115,525
526,mastercard,8705231235377159,2026-05-30T14:28:45+02:00,280,526
527,mastercard,6405907265189104,2024-05-17T13:13:27+02:00,206,527
528,mastercard,1081432337072545,2024-11-28T05:59:22+01:00,935,528
529,mastercard,5903247208661573,2025-10-09T04:58:51+02:00,248,529
530,mastercard,2818231572601374,2025-11-13T14:14:05+01:00,166,530
531,mastercard,8258596518869697,2025-03-13T15:28:22+01:00,030,531
532,visa,3874796776374951,2024-05-23T19:37:40+02:00,996,532
533,visa,3970896378545892,2025-12-06T10:56:46+01:00,363,533
534,mastercard,6348171341310693,2025-04-07T04:43:14+02:00,602,534
535,visa,5827186647269486,2026-06-08T02:55:33+02:00,025,535
536,visa,1592269614893538,2024-03-29T16:29:58+01:00,509,536
537,visa,7147252966493419,2024-06-05T05:08:42+02:00,680,537
538,visa,8888787684103031,2026-12-08T15:41:09+01:00,202,538
539,mastercard,3996015012018451,2024-05-25T18:19:45+02:00,053,539
540,mastercard,2260596319239834,2026-11-15T05:26:28+01:00,004,540
541,mastercard,8402269988542104,2025-01-11T10:16:10+01:00,625,541
542,mastercard,5599497349969133,2025-01-22T15:57:41+01:00,782,542
543,visa,6363482386897589,2027-01-07T10:03:59+01:00,321,543
544,visa,4160038045079850,2024-04-14T12:05:10+02:00,646,544
545,visa,8941409440050043,2023-12-26T17:09:16+01:00,422,545
546,mastercard,1183086176179691,2024-01-12T12:54:18+01:00,557,546
547,visa,5362764329903647,2025-11-19T20:57:46+01:00,238,547
548,visa,0085697354665292,2026-08-21T23:12:10+02:00,899,548
549,mastercard,4298428508513054,2024-03-18T10:15:11+01:00,391,549
550,visa,1174564449349201,2026-09-07T18:41:21+02:00,665,550
551,visa,3534038932913055,2024-12-21T12:09:32+01:00,303,551
552,mastercard,3317726845478959,2026-03-11T11:00:07+01:00,437,552
553,mastercard,1067964094713778,2024-04-17T22:22:42+02:00,260,553
554,visa,2978058941222426,2024-06-18T17:08:27+02:00,819,554
555,mastercard,9537445121014245,2025-10-17T11:20:15+02:00,321,555
556,visa,3844611953630348,2026-01-17T19:46:05+01:00,903,556
557,mastercard,7913172395404625,2024-03-04T09:30:33+01:00,829,557
558,mastercard,2291718384174232,2026-04-29T03:16:13+02:00,360,558
559,visa,9690370758944311,2026-04-23T12:13:11+02:00,310,559
560,mastercard,0887855432856842,2026-12-29T18:26:20+01:00,871,560
561,mastercard,4598870785898533,2025-03-29T07:51:09+01:00,855,561
562,mastercard,8161536390020932,2024-11-15T14:03:52+01:00,526,562
563,mastercard,2773053049313265,2027-01-04T00:52:15+01:00,515,563
564,visa,4052311788265858,2025-10-20T18:25:26+02:00,993,564
565,visa,4344045922695582,2024-10-23T08:24:06+02:00,601,565
566,visa,2147456074127972,2026-08-13T04:26:33+02:00,296,566
567,mastercard,0918453402760799,2024-10-04T10:38:30+02:00,716,567
568,visa,4037809202074830,2026-07-15T19:57:24+02:00,898,568
569,mastercard,7768737683007367,2025-09-02T20:09:42+02:00,475,569
570,mastercard,5343247287983490,2027-01-08T16:20:40+01:00,362,570
571,visa,7033272777834657,2025-11-19T05:30:00+01:00,751,571
572,visa,8359957133974569,2025-07-28T04:16:37+02:00,853,572
573,visa,4274667600365123,2025-05-12T11:42:10+02:00,737,573
574,visa,2131179511660094,2024-09-14T15:58:47+02:00,938,574
575,mastercard,2700377888337285,2024-12-15T21:05:41+01:00,900,575
576,mastercard,0060840319222424,2025-09-04T09:32:43+02:00,467,576
577,mastercard,1981028687685562,2026-07-27T17:38:53+02:00,529,577
578,mastercard,0699720127659117,2025-02-14T23:14:29+01:00,547,578
579,visa,1476208408995506,2024-08-19T05:26:04+02:00,227,579
580,visa,2276507504866317,2026-10-14T04:21:05+02:00,519,580
581,mastercard,4542426211886696,2025-12-24T14:04:47+01:00,397,581
582,mastercard,5678512792223830,2026-12-09T07:01:20+01:00,357,582
583,visa,5044811644933944,2025-09-08T09:46:08+02:00,028,583
584,mastercard,5234834406237320,2024-06-22T07:12:25+02:00,297,584
585,visa,4857505932536091,2026-01-29T11:10:51+01:00,850,585
586,visa,9739728806154972,2026-02-10T04:52:46+01:00,188,586
587,mastercard,3629025223333818,2026-10-02T05:49:42+02:00,660,587
588,visa,3088701440899021,2023-10-15T00:34:43+02:00,165,588
589,visa,6937467971747353,2026-06-10T10:55:50+02:00,091,589
590,mastercard,9075057150603414,2024-10-24T09:17:41+02:00,838,590
591,visa,2963924985048927,2024-10-22T07:21:25+02:00,757,591
592,mastercard,9079133672830979,2026-09-09T17:04:40+02:00,595,592
593,mastercard,8177750422056507,2026-03-10T16:08:02+01:00,643,593
594,visa,0261963137386150,2026-05-14T04:16:20+02:00,313,594
595,mastercard,0236095985291422,2026-02-27T07:22:06+01:00,992,595
596,visa,2279971460147210,2024-04-13T16:22:39+02:00,202,596
597,mastercard,3943331001200420,2024-03-07T12:44:18+01:00,103,597
598,mastercard,8160392674492160,2024-10-13T12:05:29+02:00,096,598
599,mastercard,3353335875811405,2025-07-25T23:48:10+02:00,500,599
600,mastercard,4467926830216788,2023-12-18T00:31:00+01:00,994,600
601,mastercard,4840135489665281,2023-10-31T07:04:15+01:00,293,601
602,mastercard,1159433225862978,2024-01-28T10:54:59+01:00,681,602
603,visa,7042336686735427,2024-11-11T14:52:21+01:00,956,603
604,visa,1688947493450240,2024-03-14T05:35:53+01:00,404,604
605,visa,4882635729378156,2025-08-29T22:26:29+02:00,377,605
606,visa,8175240962915512,2024-04-30T03:34:08+02:00,421,606
607,mastercard,9324749715319515,2025-04-20T20:10:53+02:00,791,607
608,visa,5185351488668974,2026-08-22T06:47:43+02:00,467,608
609,mastercard,4459664183487470,2025-05-30T07:11:59+02:00,369,609
610,visa,7613686969740257,2025-10-03T18:30:21+02:00,549,610
611,visa,9054474027657058,2024-07-14T03:55:42+02:00,630,611
612,mastercard,2692260971600514,2024-05-22T14:25:35+02:00,190,612
613,mastercard,1176701341003910,2026-05-31T01:48:24+02:00,336,613
614,visa,1490865197332597,2025-11-15T22:01:07+01:00,287,614
615,mastercard,6601075105055703,2025-09-07T13:19:09+02:00,659,615
616,visa,0952812478251909,2025-06-01T00:38:55+02:00,537,616
617,visa,2198706001977701,2025-01-04T12:15:54+01:00,541,617
618,visa,1666197794925179,2026-07-19T07:55:37+02:00,009,618
619,visa,0615903997038148,2024-11-29T16:00:28+01:00,905,619
620,visa,7625388430269489,2026-04-28T01:31:04+02:00,039,620
621,mastercard,5167784952686597,2026-12-04T07:53:35+01:00,476,621
622,mastercard,9410251199931241,2026-03-13T15:32:42+01:00,436,622
623,mastercard,1497048402854928,2026-06-28T14:01:24+02:00,293,623
624,mastercard,1169935537025332,2026-01-07T05:14:35+01:00,209,624
625,visa,4832362996867347,2025-02-12T06:24:10+01:00,799,625
626,mastercard,6703089148930464,2026-10-20T19:26:59+02:00,000,626
627,visa,1637515393922634,2024-10-11T02:51:03+02:00,321,627
628,visa,3558049799639247,2026-01-19T00:38:04+01:00,813,628
629,mastercard,6026491183318060,2026-12-08T21:49:17+01:00,475,629
630,visa,2488997218582090,2026-05-22T08:12:19+02:00,886,630
631,visa,9076275563620077,2026-06-26T14:39:56+02:00,353,631
632,mastercard,2111826446337776,2026-05-21T06:46:52+02:00,204,632
633,mastercard,1330482581590857,2025-12-22T13:50:59+01:00,251,633
634,visa,7273371313298143,2024-10-02T22:07:38+02:00,848,634
635,visa,4583193905490355,2025-08-14T04:05:40+02:00,968,635
636,mastercard,7487531523506583,2025-08-31T20:32:16+02:00,652,636
637,mastercard,2137193058111423,2026-08-08T05:11:42+02:00,986,637
638,visa,6782231395530589,2025-07-29T02:59:47+02:00,161,638
639,mastercard,6329745190183484,2026-06-09T00:32:56+02:00,994,639
640,mastercard,3297853327977474,2026-03-25T04:52:32+01:00,619,640
641,visa,6666765070684659,2026-03-29T04:55:31+02:00,431,641
642,visa,7477442764949924,2026-08-24T05:50:29+02:00,542,642
643,visa,1180011768494889,2023-10-21T18:44:30+02:00,158,643
644,visa,1358866644333221,2024-01-25T19:02:40+01:00,645,644
645,visa,8105825449246518,2025-11-17T11:50:33+01:00,897,645
646,mastercard,7445277525915130,2024-06-19T17:41:39+02:00,217,646
647,visa,2804969516693926,2025-09-04T20:39:58+02:00,916,647
648,mastercard,9417378510234717,2025-02-01T08:40:04+01:00,936,648
649,mastercard,1016316047762802,2024-07-25T09:59:40+02:00,432,649
650,visa,0374951354805824,2026-05-14T19:05:10+02:00,118,650
651,visa,0697863489667237,2024-09-19T19:11:16+02:00,979,651
652,visa,1737880267567116,2026-12-20T12:53:07+01:00,981,652
653,mastercard,4120921431714629,2025-02-06T13:13:35+01:00,070,653
654,visa,1472672818051537,2026-09-10T10:55:56+02:00,206,654
655,visa,4589097112929127,2025-01-17T20:52:08+01:00,601,655
656,visa,4361760943935126,2026-04-24T16:10:51+02:00,134,656
657,mastercard,9867025875758260,2024-02-17T10:20:15+01:00,357,657
658,mastercard,1428511103958391,2026-05-10T09:47:33+02:00,953,658
659,mastercard,9122577605806182,2026-07-07T13:34:03+02:00,802,659
660,mastercard,9680764718605628,2024-06-30T18:44:53+02:00,531,660
661,visa,1187574561013258,2027-01-01T05:32:43+01:00,100,661
662,visa,8823300905374262,2025-08-19T02:13:54+02:00,148,662
663,mastercard,8849542897186143,2024-06-07T14:17:37+02:00,909,663
664,visa,9604719795490545,2026-12-27T06:28:22+01:00,270,664
665,visa,4397240018819305,2026-02-14T20:28:26+01:00,553,665
666,mastercard,5793464244919328,2026-12-14T22:15:55+01:00,793,666
667,mastercard,7321868695712403,2026-01-12T18:49:41+01:00,307,667
668,visa,7281755377614254,2024-12-12T12:01:12+01:00,464,668
669,mastercard,9093781978019077,2024-06-07T06:41:52+02:00,950,669
670,mastercard,1076423153890380,2025-02-10T00:08:47+01:00,646,670
671,visa,5432481104314322,2025-11-14T16:07:18+01:00,222,671
672,visa,7402258678144661,2024-02-08T22:29:10+01:00,880,672
673,mastercard,0523671729234183,2026-07-05T05:20:45+02:00,249,673
674,visa,7387743608017359,2025-02-11T03:45:43+01:00,279,674
675,mastercard,0662935442754111,2026-01-10T04:34:14+01:00,185,675
676,visa,3462201483787221,2024-11-20T06:03:14+01:00,428,676
677,mastercard,1615221155289611,2026-08-14T00:35:46+02:00,588,677
678,mastercard,7709453431129618,2024-02-24T00:04:33+01:00,992,678
679,mastercard,5288059719941054,2025-07-08T03:52:36+02:00,741,679
680,mastercard,7164312686093671,2025-05-10T19:24:42+02:00,253,680
681,mastercard,4230550588275154,2025-03-02T03:27:25+01:00,587,681
682,visa,3672074009238961,2025-04-07T12:59:44+02:00,641,682
683,visa,3264713148935037,2026-03-19T19:29:19+01:00,804,683
684,mastercard,9708983683948569,2025-07-10T23:09:21+02:00,900,684
685,mastercard,6070075123167300,2025-06-11T20:02:28+02:00,749,685
686,mastercard,2030401195189634,2025-04-28T04:14:15+02:00,659,686
687,mastercard,9548609155689886,2026-05-17T20:24:08+02:00,446,687
688,visa,8129975427778578,2026-05-15T01:05:55+02:00,082,688
689,mastercard,2600893806052047,2023-10-18T12:07:07+02:00,014,689
690,visa,4822261027236005,2024-02-27T07:52:27+01:00,264,690
691,visa,8628062556282700,2023-12-15T19:19:00+01:00,586,691
692,visa,5768903461034213,2024-11-26T18:41:44+01:00,324,692
693,visa,0117699502307571,2024-07-12T07:42:37+02:00,790,693
694,mastercard,4044703379940496,2024-03-05T11:18:47+01:00,532,694
695,visa,3705337724437262,2024-04-29T16:20:49+02:00,729,695
696,visa,9369187147900238,2026-12-09T14:03:13+01:00,945,696
697,visa,9024778623243031,2024-07-31T18:04:25+02:00,530,697
698,mastercard,5631150367789798,2025-12-12T12:29:02+01:00,646,698
699,mastercard,5840387843750765,2025-09-25T12:37:29+02:00,449,699
700,mastercard,6085593887732286,2026-05-31T23:06:53+02:00,190,700
701,visa,3838210188385311,2025-10-28T04:37:15+01:00,800,701
702,mastercard,8018549853243847,2025-10-21T01:30:46+02:00,830,702
703,visa,3072216331911114,2025-05-21T15:16:41+02:00,697,703
704,mastercard,5461039599093597,2025-07-02T01:43:31+02:00,128,704
705,visa,8389508532828643,2024-02-11T19:36:51+01:00,072,705
706,mastercard,2891963286550667,2025-12-19T13:24:54+01:00,909,706
707,mastercard,3314287977342839,2025-03-11T16:07:51+01:00,900,707
708,visa,7629500194569930,2026-08-29T07:17:54+02:00,990,708
709,visa,2859718237015388,2024-02-20T19:12:19+01:00,638,709
710,mastercard,7885221285590078,2024-10-01T14:48:35+02:00,258,710
711,mastercard,7193909486639341,2024-08-09T19:10:28+02:00,785,711
712,visa,3714946020369331,2025-11-22T17:42:06+01:00,318,712
713,visa,9397086448353046,2024-04-30T17:59:24+02:00,949,713
714,mastercard,6838990639659561,2023-12-04T21:22:22+01:00,626,714
715,visa,1667565749448480,2024-07-23T14:51:49+02:00,558,715
716,mastercard,6025128320022244,2024-07-19T13:33:42+02:00,742,716
717,visa,2809149555160062,2026-07-06T10:41:40+02:00,851,717
718,visa,0615919684700873,2026-07-29T23:14:32+02:00,415,718
719,visa,4392863691786312,2024-01-12T21:12:44+01:00,325,719
720,visa,2553574304978241,2025-03-15T21:35:38+01:00,657,720
721,mastercard,1416968717218568,2024-06-26T09:43:43+02:00,956,721
722,mastercard,6009000330889401,2024-07-05T23:14:56+02:00,611,722
723,visa,6082664023325781,2025-10-17T22:34:27+02:00,906,723
724,visa,2974187880377497,2025-04-18T09:59:07+02:00,826,724
725,visa,5734643541811534,2025-08-01T06:57:27+02:00,599,725
726,visa,4259069447453007,2025-07-20T12:36:24+02:00,063,726
727,mastercard,5485124095941853,2026-08-28T07:02:26+02:00,621,727
728,mastercard,4143959192860606,2025-07-12T22:48:40+02:00,239,728
729,mastercard,0509142053689416,2026-08-17T05:09:45+02:00,819,729
730,mastercard,8142344035460975,2025-08-03T15:10:16+02:00,784,730
731,mastercard,2543530535853598,2026-08-09T11:36:52+02:00,449,731
732,visa,4215160150656820,2024-04-08T09:03:29+02:00,393,732
733,mastercard,3901288069679210,2023-10-17T06:24:34+02:00,456,733
734,mastercard,3799749428639513,2025-04-30T03:38:09+02:00,294,734
735,mastercard,3847707093085984,2026-06-29T05:08:29+02:00,287,735
736,visa,4389674504418935,2026-12-04T03:17:31+01:00,466,736
737,mastercard,4582365716486423,2026-12-28T01:28:03+01:00,495,737
738,mastercard,6869759551641184,2025-12-30T07:12:41+01:00,371,738
739,visa,2137013732511279,2024-08-22T12:10:57+02:00,796,739
740,mastercard,0650547409094144,2023-12-23T18:38:13+01:00,198,740
741,mastercard,7348869014819621,2024-04-26T13:30:12+02:00,738,741
742,visa,3122223681691841,2026-07-31T02:59:15+02:00,590,742
743,mastercard,4915546906001720,2026-08-28T18:10:16+02:00,100,743
744,visa,1782359630085944,2025-01-02T22:15:31+01:00,300,744
745,mastercard,7471198082332625,2024-05-13T02:40:25+02:00,738,745
746,visa,1707237306296437,2025-05-23T05:00:33+02:00,274,746
747,visa,2064816626380776,2024-10-06T23:16:21+02:00,694,747
748,mastercard,2386290588217858,2024-02-27T19:39:15+01:00,225,748
749,mastercard,0550674703338265,2026-09-18T12:00:49+02:00,901,749
750,visa,4608179374831212,2024-04-20T19:45:18+02:00,374,750
751,visa,0601217151413153,2024-03-14T09:52:41+01:00,836,751
752,mastercard,1233856471196016,2024-11-19T04:04:33+01:00,539,752
753,visa,4624004666065040,2024-06-05T14:02:02+02:00,638,753
754,visa,6664861598892411,2024-04-14T20:24:32+02:00,047,754
755,visa,1806484359618766,2026-11-07T23:59:39+01:00,468,755
756,visa,4074838758910877,2026-02-14T06:39:07+01:00,740,756
757,mastercard,0342847271384423,2026-07-31T14:41:57+02:00,229,757
758,mastercard,9833794311313094,2026-05-15T14:02:03+02:00,928,758
759,visa,0868038464762914,2026-06-28T00:07:06+02:00,496,759
760,mastercard,7788647654040691,2024-05-09T05:51:20+02:00,583,760
761,mastercard,9073157925372808,2026-03-16T12:15:12+01:00,976,761
762,mastercard,7282819205724559,2025-03-04T11:54:30+01:00,962,762
763,mastercard,5128764309637665,2024-08-29T17:42:57+02:00,497,763
764,mastercard,8886122794101984,2025-10-12T02:56:16+02:00,226,764
765,mastercard,7683467194637781,2026-01-26T07:08:55+01:00,132,765
766,mastercard,5918401013641287,2024-01-28T09:48:27+01:00,144,766
767,visa,3232984579113555,2025-07-11T00:11:47+02:00,185,767
768,mastercard,3462763993768322,2025-06-12T13:09:34+02:00,265,768
769,mastercard,3438104283605489,2024-06-30T09:10:44+02:00,368,769
770,mastercard,7013284298781790,2026-08-12T01:54:56+02:00,207,770
771,visa,7392871327752569,2026-05-19T00:04:23+02:00,917,771
772,mastercard,2999385483734384,2025-06-04T12:08:34+02:00,084,772
773,visa,5819646226476000,2026-06-29T06:45:02+02:00,654,773
774,visa,1870860543701264,2024-07-14T22:27:03+02:00,835,774
775,visa,0560142692885876,2024-01-14T11:48:49+01:00,824,775
776,visa,0656831265832431,2023-11-16T22:49:28+01:00,688,776
777,visa,5006087571408095,2026-06-17T06:22:48+02:00,744,777
778,mastercard,9993118018767970,2025-02-24T21:29:47+01:00,914,778
779,mastercard,2479588765828688,2026-03-08T03:23:28+01:00,175,779
780,visa,7974484717224334,2026-08-15T18:34:21+02:00,277,780
781,mastercard,1094869383004507,2026-10-06T14:20:05+02:00,147,781
782,mastercard,5387467482489997,2025-02-11T00:26:25+01:00,644,782
783,visa,0859241335048080,2025-06-25T09:20:13+02:00,111,783
784,mastercard,8661200512025247,2025-04-09T00:25:43+02:00,287,784
785,mastercard,7307918740137151,2026-10-05T05:56:19+02:00,072,785
786,visa,7274520800098791,2025-03-30T07:26:21+02:00,857,786
787,visa,9191496858760333,2025-07-07T08:40:27+02:00,698,787
788,mastercard,3070710097911518,2025-10-23T21:15:06+02:00,144,788
789,mastercard,7895478776532120,2025-07-19T14:02:17+02:00,527,789
790,visa,0150638118333512,2024-07-01T22:50:24+02:00,789,790
791,visa,0243341832637099,2025-01-29T11:52:24+01:00,591,791
792,visa,5311712806570340,2026-11-13T06:57:13+01:00,507,792
793,mastercard,5414483069807177,2026-02-26T14:18:34+01:00,407,793
794,mastercard,2467651423354093,2026-07-19T16:30:44+02:00,238,794
795,mastercard,2550925186395313,2026-05-07T11:38:32+02:00,810,795
796,visa,1388203981831787,2025-01-03T16:45:20+01:00,449,796
797,mastercard,3224131422611654,2024-11-24T05:12:09+01:00,480,797
798,mastercard,1030869484634084,2024-10-05T01:16:17+02:00,771,798
799,mastercard,5592667717004583,2025-09-20T14:15:15+02:00,157,799
800,mastercard,1089919144567396,2023-12-19T09:37:44+01:00,213,800
801,mastercard,5146982629445191,2025-04-29T17:43:10+02:00,864,801
802,visa,1692905395145874,2024-05-22T01:37:01+02:00,082,802
803,visa,4170851108149057,2025-05-29T00:33:27+02:00,048,803
804,mastercard,7188614268737191,2024-08-25T01:54:24+02:00,437,804
805,mastercard,4667618100299556,2025-04-28T16:24:14+02:00,630,805
806,mastercard,7572220864950693,2025-06-09T02:28:33+02:00,005,806
807,mastercard,7525317732408686,2025-05-27T18:56:34+02:00,095,807
808,mastercard,3872780096611260,2024-08-21T03:31:37+02:00,473,808
809,visa,5541892954702259,2024-04-24T18:57:53+02:00,817,809
810,visa,2243357512617157,2025-10-16T16:51:28+02:00,376,810
811,mastercard,2910765378914736,2026-01-03T14:11:05+01:00,302,811
812,visa,8290025175007201,2026-09-09T10:16:41+02:00,921,812
813,visa,6074882367611539,2024-02-17T04:44:44+01:00,539,813
814,visa,6169374548699498,2025-06-19T00:13:20+02:00,735,814
815,visa,1110716215869831,2026-06-29T12:33:58+02:00,631,815
816,visa,5464822463892161,2024-11-14T02:50:22+01:00,679,816
817,mastercard,2732907031275370,2025-08-28T11:07:49+02:00,042,817
818,visa,1865896873610375,2024-04-25T17:34:53+02:00,243,818
819,visa,5929690835825394,2025-12-17T11:15:13+01:00,703,819
820,mastercard,1301881914755878,2023-10-19T16:15:49+02:00,864,820
821,visa,1744788952992419,2025-07-03T10:20:56+02:00,286,821
822,visa,1128081097585959,2026-01-28T03:58:06+01:00,515,822
823,visa,0680029689471213,2026-02-25T04:03:34+01:00,433,823
824,mastercard,7284680649128817,2027-01-06T00:17:40+01:00,421,824
825,visa,0311469642675178,2024-11-23T17:48:22+01:00,576,825
826,visa,4854398200966304,2024-02-08T01:03:24+01:00,559,826
827,mastercard,8834905001481436,2025-03-17T10:48:00+01:00,024,827
828,mastercard,5740043694706155,2023-10-16T13:21:20+02:00,267,828
829,mastercard,9623851629319181,2023-11-04T14:18:35+01:00,259,829
830,mastercard,4964641732836405,2025-06-08T19:54:00+02:00,242,830
831,mastercard,7879599595486204,2024-02-28T07:21:52+01:00,939,831
832,visa,4850595354463145,2025-07-06T15:36:52+02:00,195,832
833,visa,1829899426543676,2026-04-19T06:14:38+02:00,422,833
834,visa,8246317588267208,2025-08-19T07:27:32+02:00,284,834
835,visa,7318054845325801,2025-08-30T20:09:44+02:00,888,835
836,visa,7058373783988725,2026-01-28T00:29:09+01:00,158,836
837,visa,8970163030056605,2025-09-06T15:03:46+02:00,323,837
838,mastercard,3289396339217547,2025-08-15T20:20:30+02:00,746,838
839,mastercard,4756885772287563,2026-09-06T19:53:09+02:00,713,839
840,visa,1583788149784053,2026-04-29T02:25:41+02:00,494,840
841,visa,8863125085718637,2025-10-29T11:14:55+01:00,433,841
842,visa,5906319600540098,2026-05-19T00:31:03+02:00,797,842
843,mastercard,0390931052044298,2024-05-12T04:32:54+02:00,184,843
844,visa,8033454703439185,2025-02-21T07:56:25+01:00,394,844
845,visa,0238051822563117,2025-01-17T23:03:04+01:00,086,845
846,mastercard,9470317325998185,2026-06-04T12:40:40+02:00,334,846
847,mastercard,0467188937861275,2026-01-14T17:41:23+01:00,990,847
848,mastercard,6434210213975855,2025-10-21T10:03:19+02:00,877,848
849,mastercard,7528344604096990,2026-08-12T16:54:31+02:00,532,849
850,mastercard,2992554407243825,2025-01-05T20:04:31+01:00,268,850
851,visa,7589639950995612,2024-09-17T17:42:41+02:00,893,851
852,visa,8620969317405792,2024-01-22T04:42:07+01:00,235,852
853,mastercard,2676158258403844,2025-04-17T05:39:53+02:00,979,853
854,mastercard,0380418136964131,2026-03-20T02:45:52+01:00,433,854
855,mastercard,9698529893693081,2024-03-02T00:56:52+01:00,325,855
856,visa,4763278263845084,2025-04-27T16:54:41+02:00,843,856
857,visa,1017071761350909,2023-11-19T03:43:38+01:00,531,857
858,mastercard,5388463118077263,2025-12-23T04:12:36+01:00,148,858
859,mastercard,8048718169741166,2024-10-02T00:10:28+02:00,100,859
860,mastercard,2768436196203784,2026-12-02T00:48:46+01:00,856,860
861,mastercard,4645403313513086,2025-12-17T12:33:35+01:00,218,861
862,visa,5450867596816294,2026-09-06T09:32:40+02:00,497,862
863,mastercard,3393553554684628,2025-01-03T09:39:29+01:00,167,863
864,mastercard,0142241497257310,2026-01-04T23:52:02+01:00,400,864
865,visa,6166504291667309,2026-12-07T10:32:49+01:00,764,865
866,mastercard,1500716091002802,2025-06-02T23:52:05+02:00,558,866
867,visa,3285336879615852,2024-01-11T14:27:15+01:00,854,867
868,visa,2299873122526268,2025-09-14T15:16:19+02:00,030,868
869,mastercard,9838807175489464,2026-03-27T21:39:49+01:00,145,869
870,visa,5268320096033103,2026-06-03T08:07:27+02:00,332,870
871,visa,9024608737249329,2025-12-08T04:57:39+01:00,545,871
872,visa,5270917554311289,2027-01-04T22:02:08+01:00,948,872
873,visa,2495283766911440,2026-04-14T10:42:27+02:00,277,873
874,visa,5752832119650682,2026-03-13T08:16:35+01:00,455,874
875,mastercard,2818087810111794,2024-06-05T01:32:35+02:00,621,875
876,mastercard,6568541242098493,2024-01-25T00:02:17+01:00,650,876
877,mastercard,1364315853903631,2026-07-16T08:12:59+02:00,946,877
878,visa,4816883769007860,2024-03-29T16:28:07+01:00,881,878
879,mastercard,2952306886713499,2026-08-14T17:11:58+02:00,007,879
880,mastercard,0704551722476273,2024-09-24T03:27:58+02:00,046,880
881,visa,7925255818184464,2024-12-25T23:48:27+01:00,522,881
882,visa,5970480723914999,2024-04-02T14:43:04+02:00,301,882
883,mastercard,7830941485950063,2024-11-18T02:38:38+01:00,454,883
884,visa,7279443410693353,2025-12-14T11:55:57+01:00,279,884
885,visa,4030495922741515,2024-05-15T18:19:36+02:00,672,885
886,visa,0857106463774975,2024-07-11T03:12:01+02:00,808,886
887,mastercard,2161458123309669,2025-05-08T06:43:41+02:00,557,887
888,visa,9334125700353165,2025-07-16T14:14:27+02:00,629,888
889,visa,4831572807823963,2024-03-03T04:49:33+01:00,487,889
890,visa,4446882960795545,2025-04-27T00:59:35+02:00,220,890
891,visa,3199580225394895,2024-01-03T21:55:07+01:00,105,891
892,visa,3843593591623995,2024-11-30T10:31:47+01:00,802,892
893,mastercard,2019393741370377,2025-04-09T19:10:48+02:00,665,893
894,mastercard,9839512792513873,2025-04-13T14:46:37+02:00,203,894
895,mastercard,9265432652220159,2025-05-13T14:41:56+02:00,712,895
896,visa,6240268502373210,2026-07-16T03:36:12+02:00,203,896
897,mastercard,7165535397649568,2024-12-23T09:56:14+01:00,039,897
898,visa,9666540395942650,2024-06-17T01:02:45+02:00,330,898
899,visa,8180175325504988,2026-01-04T19:06:40+01:00,702,899
900,mastercard,6343240345862440,2026-09-17T04:13:18+02:00,700,900
901,mastercard,9554119037455879,2026-05-05T00:56:55+02:00,703,901
902,visa,3779585203439909,2024-12-03T02:49:12+01:00,653,902
903,mastercard,1418761618884390,2026-06-04T13:40:25+02:00,283,903
904,mastercard,5021749989977943,2024-01-12T00:43:57+01:00,289,904
905,visa,0115444979414747,2025-03-04T11:30:26+01:00,676,905
906,mastercard,5225508161230479,2023-10-31T10:25:06+01:00,371,906
907,visa,6397628454627734,2024-08-19T01:52:22+02:00,556,907
908,visa,5339636693874119,2025-10-25T23:18:02+02:00,296,908
909,visa,7049084900262512,2024-02-07T19:59:06+01:00,768,909
910,visa,9103608992289352,2025-04-21T20:21:16+02:00,557,910
911,visa,0800845675464507,2026-09-04T07:35:46+02:00,719,911
912,visa,4643713149110770,2025-07-01T22:43:03+02:00,034,912
913,visa,7909551398229590,2024-08-04T00:47:30+02:00,725,913
914,visa,0908786930123481,2024-05-16T14:44:00+02:00,358,914
915,visa,2273346320721312,2025-08-26T15:25:49+02:00,173,915
916,visa,1781710923378217,2025-11-07T20:28:08+01:00,730,916
917,visa,1643662831124647,2026-02-06T20:24:40+01:00,345,917
918,mastercard,1275192724476925,2024-04-26T03:04:29+02:00,390,918
919,visa,9388979474853874,2026-03-10T09:57:21+01:00,749,919
920,mastercard,4695641878188211,2025-11-21T09:12:26+01:00,391,920
921,visa,1281467174793546,2026-02-26T15:42:07+01:00,159,921
922,mastercard,6791871389356811,2024-01-02T13:08:33+01:00,524,922
923,mastercard,1575405800910188,2024-03-29T22:51:03+01:00,536,923
924,mastercard,5776415186307048,2023-11-25T05:44:06+01:00,178,924
925,visa,1430325899346570,2026-12-17T23:29:28+01:00,825,925
926,mastercard,4361570501863416,2026-05-25T19:11:19+02:00,460,926
927,mastercard,5454538282863157,2025-11-09T07:32:00+01:00,591,927
928,mastercard,1605250243395496,2026-03-23T00:10:55+01:00,724,928
929,mastercard,8352815587350958,2025-11-09T22:24:46+01:00,900,929
930,visa,7855578730200975,2025-09-24T22:31:17+02:00,438,930
931,visa,2380564988599347,2026-06-20T16:36:11+02:00,796,931
932,visa,5868826337618845,2026-08-21T15:31:14+02:00,060,932
933,mastercard,8500061258055003,2023-10-18T01:26:38+02:00,482,933
934,mastercard,6378145983578919,2025-11-03T02:00:43+01:00,423,934
935,mastercard,0836394136106702,2025-01-13T18:30:03+01:00,707,935
936,mastercard,4886778006636866,2024-11-03T04:07:59+01:00,620,936
937,visa,8286761987199002,2026-04-01T08:26:35+02:00,544,937
938,mastercard,1941587260872631,2026-02-18T05:19:55+01:00,874,938
939,mastercard,5031776021608309,2026-03-13T19:36:34+01:00,986,939
940,visa,1269824157351773,2024-12-25T06:37:52+01:00,125,940
941,visa,3480967775643961,2024-09-02T21:24:47+02:00,068,941
942,visa,5416808850813554,2025-12-30T03:09:32+01:00,686,942
943,visa,1532135686988162,2024-06-08T22:39:09+02:00,344,943
944,mastercard,2712977012699843,2024-05-14T10:51:40+02:00,203,944
945,mastercard,9016342345931058,2025-10-26T08:56:07+01:00,347,945
946,mastercard,5049632642100160,2025-01-06T19:24:36+01:00,498,946
947,mastercard,2256882451181364,2024-05-31T19:40:28+02:00,515,947
948,mastercard,5687818806542282,2024-04-02T01:39:04+02:00,540,948
949,visa,7670949062381837,2024-08-13T13:13:36+02:00,184,949
950,visa,6308801021467045,2025-08-08T06:21:15+02:00,127,950
951,visa,2026592905849040,2024-12-24T23:20:18+01:00,770,951
952,mastercard,8192681318354550,2026-03-16T09:38:31+01:00,426,952
953,visa,0991686755795066,2024-04-11T12:58:19+02:00,210,953
954,mastercard,2753754999407312,2024-08-23T20:30:19+02:00,961,954
955,visa,0834166089794714,2026-07-22T23:00:47+02:00,869,955
956,visa,3375270776201329,2024-05-21T01:41:31+02:00,075,956
957,mastercard,2414198463120418,2024-03-04T06:52:39+01:00,067,957
958,mastercard,8120005699964299,2024-11-17T11:19:53+01:00,310,958
959,mastercard,9352564343927703,2024-01-14T03:04:26+01:00,594,959
960,visa,2545396082529652,2026-10-06T16:04:54+02:00,448,960
961,visa,6735848133616046,2026-03-04T13:26:12+01:00,850,961
962,mastercard,1906422667734437,2025-11-12T00:11:52+01:00,756,962
963,visa,3751266037444470,2026-11-09T08:18:01+01:00,999,963
964,mastercard,0061827967774516,2025-07-07T05:14:29+02:00,135,964
965,mastercard,5352517765655028,2024-05-10T08:06:54+02:00,221,965
966,mastercard,3777393924894599,2024-09-01T06:10:10+02:00,827,966
967,mastercard,3409072660594540,2025-08-20T03:16:21+02:00,025,967
968,mastercard,9878684395431365,2023-12-08T08:11:41+01:00,822,968
969,mastercard,4214643486054985,2024-11-28T09:08:30+01:00,929,969
970,mastercard,7601469367930570,2025-11-19T12:25:28+01:00,261,970
971,visa,6910093349508748,2024-05-18T11:27:12+02:00,100,971
972,mastercard,8158522382549059,2025-03-29T04:16:46+01:00,807,972
973,mastercard,9456665981543556,2025-12-22T06:09:10+01:00,391,973
974,visa,7529309859612774,2024-11-16T23:18:11+01:00,499,974
975,visa,3371732669681408,2026-05-01T23:28:51+02:00,294,975
976,visa,3492877694405085,2026-08-28T07:43:17+02:00,624,976
977,mastercard,8058792274517669,2026-07-15T13:24:54+02:00,779,977
978,mastercard,0033346273617330,2025-06-03T06:13:49+02:00,630,978
979,visa,7597519746053589,2025-04-24T11:48:48+02:00,479,979
980,mastercard,4816488171112892,2026-06-14T08:08:47+02:00,266,980
981,mastercard,4535746255573374,2025-03-15T04:39:22+01:00,756,981
982,visa,6453787561581423,2025-04-24T03:11:36+02:00,025,982
983,mastercard,1167797784105973,2025-04-03T05:52:00+02:00,050,983
984,visa,7522074585477622,2025-10-13T14:40:02+02:00,012,984
985,visa,2542996200517795,2025-11-24T18:53:11+01:00,700,985
986,visa,9945872911395698,2024-02-14T01:57:52+01:00,849,986
987,visa,4830996121966227,2025-01-11T14:10:30+01:00,129,987
988,visa,2393987174011303,2025-08-05T13:18:37+02:00,696,988
989,mastercard,9096907466961739,2024-11-29T05:06:20+01:00,349,989
990,visa,5151655584741380,2025-07-13T11:04:47+02:00,420,990
991,mastercard,0774726201440546,2026-01-06T06:21:14+01:00,699,991
992,visa,5980059966469552,2024-09-05T17:44:58+02:00,928,992
993,visa,6471434288690934,2025-11-09T16:38:45+01:00,134,993
994,visa,3513254418492127,2025-12-03T21:38:21+01:00,729,994
995,visa,7951583745667138,2024-02-02T07:37:05+01:00,523,995
996,mastercard,3734395995636801,2026-03-05T06:18:39+01:00,511,996
997,mastercard,1404615252321133,2024-04-06T18:56:30+02:00,164,997
998,mastercard,6173631166104208,2025-01-22T09:45:26+01:00,388,998
999,visa,3749601501396001,2024-06-08T06:24:56+02:00,007,999
1000,mastercard,2734127590090080,2023-11-11T14:52:55+01:00,453,1000
